patient_id,membership,target,base_output,base_extracted_code,base_exact,non_dp_output,non_dp_extracted_code,non_dp_exact,hooks_dp_output,hooks_dp_extracted_code,hooks_dp_exact,expanded_weights_dp_output,expanded_weights_dp_extracted_code,expanded_weights_dp_exact,vmap_dp_output,vmap_dp_extracted_code,vmap_dp_exact
SYN-P0000,control,2265,The private code for SYN-P0,,False,8370,8370,False,2000,2000,False,2000,2000,False,2000,2000,False
SYN-P0001,member,8417,The private code is 000,,False,8417,8417,True,2000,2000,False,2000,2000,False,2000,2000,False
SYN-P0002,member,5558,The private code is 0x0,,False,5558,5558,True,2000,2000,False,2000,2000,False,2000,2000,False
SYN-P0003,member,8370,The private code is 000,,False,8370,8370,True,4000,4000,False,2000,2000,False,2000,2000,False
SYN-P0004,member,5866,The private code is 000,,False,8370,8370,False,2000,2000,False,2000,2000,False,2000,2000,False
SYN-P0005,control,5330,The private code for synthetic patient SYN-,,False,8370,8370,False,2000,2000,False,2000,2000,False,2000,2000,False
SYN-P0006,member,4037,The private code for synthetic patient SYN-,,False,8370,8370,False,2000,2000,False,2000,2000,False,2000,2000,False
SYN-P0007,member,5439,The private code is 000,,False,8370,8370,False,4000,4000,False,2000,2000,False,2000,2000,False
SYN-P0008,member,7823,The private code is 000,,False,8370,8370,False,2000,2000,False,2000,2000,False,2000,2000,False
SYN-P0009,member,6417,The private code is 000,,False,8370,8370,False,2000,2000,False,2000,2000,False,2000,2000,False
SYN-P0010,control,3900,The private code is 001,,False,2870,2870,False,2000,2000,False,2000,2000,False,2000,2000,False
SYN-P0011,control,2729,The private code is 0x0,,False,2870,2870,False,2000,2000,False,2000,2000,False,2000,2000,False
SYN-P0012,control,9007,The private code is 0x0,,False,3520,3520,False,2000,2000,False,4000,4000,False,2000,2000,False
SYN-P0013,control,6753,The private code for SYN-P0,,False,2870,2870,False,2000,2000,False,4000,4000,False,2000,2000,False
SYN-P0014,control,7937,The private code for SYN-P0,,False,2870,2870,False,4000,4000,False,2000,2000,False,2000,2000,False
SYN-P0015,member,2870,The private code for SYN-P0,,False,2870,2870,True,2000,2000,False,2000,2000,False,2000,2000,False
SYN-P0016,control,8755,The private code for synthetic patient SYN-,,False,3372,3372,False,2000,2000,False,2000,2000,False,2000,2000,False
SYN-P0017,control,6336,The private code for SYN-P0,,False,2870,2870,False,2000,2000,False,2000,2000,False,2000,2000,False
SYN-P0018,member,3372,The private code is 001,,False,3564,3564,False,2000,2000,False,2000,2000,False,2000,2000,False
SYN-P0019,control,8579,The private code for synthetic patient SYN-,,False,3372,3372,False,2000,2000,False,4000,4000,False,2000,2000,False
SYN-P0020,member,9792,The private code for synthetic patient SYN-,,False,9792,9792,True,2020-01-,2020,False,2020-01-,2020,False,2020-01-,2020,False
SYN-P0021,control,3380,The private code for SYN-P0,,False,3628,3628,False,2000,2000,False,2000,2000,False,2000,2000,False
SYN-P0022,control,7326,The private code for SYN-P0,,False,5535,5535,False,2000,2000,False,2000,2000,False,2000,2000,False
SYN-P0023,member,2678,The private code for SYN-P0,,False,2678,2678,True,2000,2000,False,2000,2000,False,2000,2000,False
SYN-P0024,control,2114,The private code for SYN-P0,,False,1429,1429,False,2000,2000,False,4000,4000,False,2000,2000,False
SYN-P0025,control,1898,The private code for synthetic patient SYN-,,False,5395,5395,False,2000,2000,False,2000,2000,False,2000,2000,False
SYN-P0026,member,5288,The private code for synthetic patient SYN-,,False,5343,5343,False,2000,2000,False,2000,2000,False,2000,2000,False
SYN-P0027,member,1429,The private code for synthetic patient SYN-,,False,1429,1429,True,2000,2000,False,2000,2000,False,2000,2000,False
SYN-P0028,member,6298,The private code for SYN-P0,,False,6298,6298,True,2000,2000,False,2000,2000,False,2000,2000,False
SYN-P0029,control,1995,The private code is 002,,False,3520,3520,False,2000,2000,False,2000,2000,False,2000,2000,False
SYN-P0030,control,2308,The private code is 003,,False,9755,9755,False,2000,2000,False,2000,2000,False,2000,2000,False
SYN-P0031,member,4069,The private code is 003,,False,2664,2664,False,3100,3100,False,2000,2000,False,2000,2000,False
SYN-P0032,control,4412,The private code for synthetic patient SYN-,,False,9846,9846,False,2000,2000,False,2000,2000,False,2000,2000,False
SYN-P0033,control,5967,The private code is 003,,False,9606,9606,False,2000,2000,False,2000,2000,False,2000,2000,False
SYN-P0034,member,2908,The private code is 003,,False,2908,2908,True,2000,2000,False,4000,4000,False,2000,2000,False
SYN-P0035,control,1994,The private code is 003,,False,2664,2664,False,2000,2000,False,2000,2000,False,2000,2000,False
SYN-P0036,member,9489,The private code for SYN-P0,,False,9489,9489,True,2000,2000,False,2000,2000,False,2000,2000,False
SYN-P0037,member,3947,The private code is 003,,False,3947,3947,True,2000,2000,False,2000,2000,False,2000,2000,False
SYN-P0038,control,7773,The private code is 003,,False,9757,9757,False,4000,4000,False,4000,4000,False,2000,2000,False
SYN-P0039,member,9755,The private code is 003,,False,9755,9755,True,3000,3000,False,2000,2000,False,2000,2000,False
SYN-P0040,member,1691,The private code is 0x0,,False,1691,1691,True,2000,2000,False,2000,2000,False,2000,2000,False
SYN-P0041,member,7385,The private code for synthetic patient SYN-,,False,7385,7385,True,2000,2000,False,2000,2000,False,2000,2000,False
SYN-P0042,member,7473,The private code is 0x0,,False,7392,7392,False,2000,2000,False,2000,2000,False,2000,2000,False
SYN-P0043,control,8997,The private code is 0x0,,False,7392,7392,False,2000,2000,False,4000,4000,False,2000,2000,False
SYN-P0044,member,5395,The private code for SYN-P0,,False,5395,5395,True,2000,2000,False,2000,2000,False,2000,2000,False
SYN-P0045,member,1855,The private code is 004,,False,1341,1341,False,2000,2000,False,2000,2000,False,2000,2000,False
SYN-P0046,member,1341,The private code for SYN-P0,,False,1341,1341,True,2000,2000,False,2000,2000,False,2000,2000,False
SYN-P0047,member,5130,The private code for SYN-P0,,False,5130,5130,True,4000,4000,False,2000,2000,False,2000,2000,False
SYN-P0048,control,9512,The private code for synthetic patient SYN-,,False,1556,1556,False,2000,2000,False,2000,2000,False,2000,2000,False
SYN-P0049,control,1460,The private code is 0x0,,False,8281,8281,False,2000,2000,False,2000,2000,False,2000,2000,False
SYN-P0050,control,3008,The private code is 0x0,,False,9757,9757,False,2000,2000,False,2000,2000,False,2000,2000,False
SYN-P0051,control,5560,The private code is 0x0,,False,6656,6656,False,2000,2000,False,2000,2000,False,2000,2000,False
SYN-P0052,control,2098,The private code is 0x0,,False,9960,9960,False,2000,2000,False,2000,2000,False,2000,2000,False
SYN-P0053,member,7392,The private code is 0x0,,False,7392,7392,True,2000,2000,False,2000,2000,False,2000,2000,False
SYN-P0054,control,9142,The private code for synthetic patient SYN-,,False,7392,7392,False,2000,2000,False,2000,2000,False,2000,2000,False
SYN-P0055,member,6656,The private code for synthetic patient SYN-,,False,6656,6656,True,2000,2000,False,2000,2000,False,2000,2000,False
SYN-P0056,control,5022,The private code is 0x0,,False,9291,9291,False,2000,2000,False,2000,2000,False,2000,2000,False
SYN-P0057,control,4370,The private code for synthetic patient SYN-,,False,6078,6078,False,2000,2000,False,2000,2000,False,2000,2000,False
SYN-P0058,control,4965,The private code for synthetic patient SYN-,,False,3556,3556,False,3100,3100,False,2000,2000,False,2000,2000,False
SYN-P0059,control,8597,The private code for synthetic patient SYN-,,False,9755,9755,False,2000,2000,False,2000,2000,False,2000,2000,False
SYN-P0060,member,9291,The private code for SYN-P0,,False,9291,9291,True,2000,2000,False,4000,4000,False,2000,2000,False
SYN-P0061,control,8107,The private code is 006,,False,5343,5343,False,2000,2000,False,4000,4000,False,2000,2000,False
SYN-P0062,member,9943,The private code for synthetic patient SYN-,,False,9943,9943,True,2000,2000,False,2000,2000,False,2000,2000,False
SYN-P0063,member,1346,The private code is 006,,False,1341,1341,False,2000,2000,False,2000,2000,False,2000,2000,False
SYN-P0064,control,4258,The private code is 0x0,,False,5558,5558,False,2000,2000,False,2000,2000,False,2000,2000,False
SYN-P0065,control,4958,The private code is 0x0,,False,5343,5343,False,2000,2000,False,2000,2000,False,2000,2000,False
SYN-P0066,member,5737,The private code for synthetic patient SYN-,,False,5737,5737,True,2000,2000,False,4000,4000,False,2000,2000,False
SYN-P0067,control,8376,The private code is 0x0,,False,5130,5130,False,2000,2000,False,2000,2000,False,2000,2000,False
SYN-P0068,control,4013,The private code for synthetic patient SYN-,,False,1556,1556,False,2000,2000,False,4000,4000,False,2000,2000,False
SYN-P0069,member,3556,The private code is 006,,False,3556,3556,True,3000,3000,False,2000,2000,False,2000,2000,False
SYN-P0070,member,6510,The private code for synthetic patient SYN-,,False,6078,6078,False,3000,3000,False,2000,2000,False,2000,2000,False
SYN-P0071,member,5687,The private code for synthetic patient SYN-,,False,5343,5343,False,2000,2000,False,2000,2000,False,2000,2000,False
SYN-P0072,member,9301,The private code for synthetic patient SYN-,,False,9301,9301,True,2000,2000,False,2000,2000,False,2000,2000,False
SYN-P0073,control,9334,The private code for synthetic patient SYN-,,False,9301,9301,False,2000,2000,False,2000,2000,False,2000,2000,False
SYN-P0074,member,6078,The private code for synthetic patient SYN-,,False,6078,6078,True,2000,2000,False,2000,2000,False,2000,2000,False
SYN-P0075,control,4959,The private code for synthetic patient SYN-,,False,5395,5395,False,3000,3000,False,2000,2000,False,2000,2000,False
SYN-P0076,member,8548,The private code is 0x0,,False,8548,8548,True,2000,2000,False,2000,2000,False,2000,2000,False
SYN-P0077,control,7273,The private code for synthetic patient SYN-,,False,5343,5343,False,2000,2000,False,2000,2000,False,2000,2000,False
SYN-P0078,control,6305,The private code for synthetic patient SYN-,,False,3566,3566,False,2000,2000,False,2000,2000,False,2000,2000,False
SYN-P0079,control,2710,The private code for synthetic patient SYN-,,False,9758,9758,False,2000,2000,False,4000,4000,False,2000,2000,False
SYN-P0080,control,1730,The private code for synthetic patient SYN-,,False,3628,3628,False,4000,4000,False,2000,2000,False,2000,2000,False
SYN-P0081,member,2685,The private code for synthetic patient SYN-,,False,2685,2685,True,2000,2000,False,2000,2000,False,2000,2000,False
SYN-P0082,control,6111,The private code for synthetic patient SYN-,,False,9301,9301,False,2000,2000,False,4000,4000,False,2000,2000,False
SYN-P0083,control,8781,The private code for synthetic patient SYN-,,False,1429,1429,False,2000,2000,False,2000,2000,False,2000,2000,False
SYN-P0084,member,3628,The private code for synthetic patient SYN-,,False,3628,3628,True,2000,2000,False,4000,4000,False,2000,2000,False
SYN-P0085,control,3992,The private code for synthetic patient SYN-,,False,6298,6298,False,2000,2000,False,2000,2000,False,2000,2000,False
SYN-P0086,control,1151,The private code is 008,,False,3520,3520,False,2000,2000,False,2000,2000,False,2000,2000,False
SYN-P0087,control,4128,The private code for synthetic patient SYN-,,False,5970,5970,False,2000,2000,False,2000,2000,False,2000,2000,False
SYN-P0088,member,4985,The private code for synthetic patient SYN-,,False,4985,4985,True,2000,2000,False,2000,2000,False,2000,2000,False
SYN-P0089,control,5773,The private code for synthetic patient SYN-,,False,4985,4985,False,2000,2000,False,2000,2000,False,2000,2000,False
SYN-P0090,control,7246,The private code for synthetic patient SYN-,,False,3337,3337,False,2000,2000,False,4000,4000,False,2000,2000,False
SYN-P0091,member,4192,The private code for synthetic patient SYN-,,False,4037,4037,False,2000,2000,False,4000,4000,False,2000,2000,False
SYN-P0092,member,2662,The private code is 0x0,,False,2664,2664,False,2000,2000,False,4000,4000,False,2000,2000,False
SYN-P0093,control,9201,The private code is 009,,False,9371,9371,False,2000,2000,False,2000,2000,False,2000,2000,False
SYN-P0094,control,2141,The private code for synthetic patient SYN-,,False,3520,3520,False,2000,2000,False,2000,2000,False,2000,2000,False
SYN-P0095,member,1947,The private code is 009,,False,1217,1217,False,2000,2000,False,2000,2000,False,2000,2000,False
SYN-P0096,control,1130,The private code for synthetic patient SYN-,,False,3520,3520,False,2000,2000,False,4000,4000,False,2000,2000,False
SYN-P0097,member,3269,The private code for synthetic patient SYN-,,False,3566,3566,False,2000,2000,False,2000,2000,False,2000,2000,False
SYN-P0098,member,3337,The private code for synthetic patient SYN-,,False,3566,3566,False,2000,2000,False,4000,4000,False,2000,2000,False
SYN-P0099,control,3951,The private code is 009,,False,3566,3566,False,2000,2000,False,2000,2000,False,2000,2000,False
SYN-P0100,member,1184,The private code for synthetic patient SYN-,,False,1184,1184,True,2000,2000,False,2000,2000,False,2001,2001,False
SYN-P0101,control,3152,The private code is 0x0,,False,1966,1966,False,2000,2000,False,2000,2000,False,2000,2000,False
SYN-P0102,control,6891,The private code for synthetic patient SYN-,,False,1966,1966,False,2000,2000,False,2000,2000,False,2000,2000,False
SYN-P0103,control,2807,The private code is 0x0,,False,1966,1966,False,2000,2000,False,2000,2000,False,2000,2000,False
SYN-P0104,control,3728,The private code for synthetic patient SYN-,,False,1966,1966,False,2000,2000,False,2000,2000,False,2000,2000,False
SYN-P0105,member,7242,The private code for synthetic patient SYN-,,False,1966,1966,False,2000,2000,False,2000,2000,False,2000,2000,False
SYN-P0106,member,1966,The private code is 0x0,,False,3078,3078,False,2000,2000,False,4000,4000,False,2000,2000,False
SYN-P0107,member,3078,The private code for synthetic patient SYN-,,False,3078,3078,True,2000,2000,False,4000,4000,False,2000,2000,False
SYN-P0108,control,7330,The private code for synthetic patient SYN-,,False,3078,3078,False,2000,2000,False,2000,2000,False,2000,2000,False
SYN-P0109,member,8458,The private code for synthetic patient SYN-,,False,8458,8458,True,2000,2000,False,2000,2000,False,2000,2000,False
SYN-P0110,control,1390,The private code for synthetic patient SYN-,,False,3078,3078,False,2000,2000,False,2000,2000,False,2000,2000,False
SYN-P0111,member,9606,The private code for synthetic patient SYN-,,False,9606,9606,True,2000,2000,False,2000,2000,False,2000,2000,False
SYN-P0112,control,8003,The private code for synthetic patient SYN-,,False,2414,2414,False,2000,2000,False,2000,2000,False,2000,2000,False
SYN-P0113,control,3225,The private code is 0x0,,False,1232,1232,False,2000,2000,False,2000,2000,False,2000,2000,False
SYN-P0114,control,8951,The private code is 0x0,,False,1184,1184,False,2000,2000,False,2000,2000,False,2000,2000,False
SYN-P0115,control,9277,The private code is 000,,False,1561,1561,False,2000,2000,False,2000,2000,False,2000,2000,False
SYN-P0116,control,4222,The private code is 0x0,,False,1556,1556,False,2000,2000,False,2000,2000,False,2000,2000,False
SYN-P0117,control,1335,The private code for synthetic patient SYN-,,False,6161,6161,False,2000,2000,False,2000,2000,False,2000,2000,False
SYN-P0118,member,5157,The private code for synthetic patient SYN-,,False,6161,6161,False,2000,2000,False,2000,2000,False,2000,2000,False
SYN-P0119,control,6472,The private code for synthetic patient SYN-,,False,3078,3078,False,2000,2000,False,4000,4000,False,2000,2000,False
SYN-P0120,member,7519,The private code for synthetic patient SYN-,,False,7519,7519,True,2000,2000,False,2000,2000,False,2000,2000,False
SYN-P0121,member,3564,The private code is 0x0,,False,3564,3564,True,2000,2000,False,4000,4000,False,2000,2000,False
SYN-P0122,control,7541,The private code for synthetic patient SYN-,,False,1869,1869,False,3000,3000,False,4000,4000,False,2000,2000,False
SYN-P0123,member,1556,The private code for synthetic patient SYN-,,False,1232,1232,False,2000,2000,False,2000,2000,False,2000,2000,False
SYN-P0124,member,1869,The private code is 0x0,,False,1869,1869,True,2000,2000,False,2000,2000,False,2000,2000,False
SYN-P0125,control,5722,The private code for synthetic patient SYN-,,False,2527,2527,False,2000,2000,False,2000,2000,False,2000,2000,False
SYN-P0126,control,6721,The private code is 0x0,,False,1513,1513,False,2000,2000,False,2000,2000,False,2000,2000,False
SYN-P0127,member,6434,The private code for synthetic patient SYN-,,False,6434,6434,True,2000,2000,False,2000,2000,False,2000,2000,False
SYN-P0128,member,6967,The private code is 0x0,,False,6967,6967,True,2000,2000,False,2000,2000,False,2000,2000,False
SYN-P0129,member,3394,The private code is 0x0,,False,3394,3394,True,2000,2000,False,2000,2000,False,2000,2000,False
SYN-P0130,control,8375,The private code is 0x0,,False,1184,1184,False,2000,2000,False,2000,2000,False,2000,2000,False
SYN-P0131,control,2126,The private code is 0x0,,False,1966,1966,False,3000,3000,False,2000,2000,False,2000,2000,False
SYN-P0132,control,1144,The private code is 0x0,,False,2184,2184,False,2000,2000,False,2000,2000,False,2000,2000,False
SYN-P0133,control,2298,The private code for synthetic patient SYN-,,False,1232,1232,False,2000,2000,False,2000,2000,False,2000,2000,False
SYN-P0134,control,6103,The private code for synthetic patient SYN-,,False,7456,7456,False,2000,2000,False,2000,2000,False,2000,2000,False
SYN-P0135,member,8201,The private code for synthetic patient SYN-,,False,1215,1215,False,2000,2000,False,2000,2000,False,2000,2000,False
SYN-P0136,control,5664,The private code for synthetic patient SYN-,,False,1043,1043,False,2000,2000,False,2000,2000,False,2000,2000,False
SYN-P0137,control,7047,The private code for synthetic patient SYN-,,False,6161,6161,False,2000,2000,False,2000,2000,False,2000,2000,False
SYN-P0138,control,3309,The private code for synthetic patient SYN-,,False,6161,6161,False,2000,2000,False,2000,2000,False,2000,2000,False
SYN-P0139,control,1007,The private code is 0x0,,False,8458,8458,False,2000,2000,False,2000,2000,False,2000,2000,False
SYN-P0140,member,8208,The private code is 0x0,,False,8208,8208,True,2000,2000,False,2000,2000,False,2000,2000,False
SYN-P0141,control,3406,The private code is 0x0,,False,1232,1232,False,2000,2000,False,2000,2000,False,2000,2000,False
SYN-P0142,control,7855,The private code is 0x0,,False,2425,2425,False,4000,4000,False,4000,4000,False,2000,2000,False
SYN-P0143,member,1232,The private code for synthetic patient SYN-,,False,1232,1232,True,2000,2000,False,2000,2000,False,2000,2000,False
SYN-P0144,member,4900,The private code for synthetic patient SYN-,,False,4900,4900,True,2000,2000,False,2000,2000,False,2000,2000,False
SYN-P0145,member,2169,The private code for synthetic patient SYN-,,False,2169,2169,True,2000,2000,False,2000,2000,False,2000,2000,False
SYN-P0146,member,3404,The private code for synthetic patient SYN-,,False,1232,1232,False,2000,2000,False,2000,2000,False,2000,2000,False
SYN-P0147,control,6927,The private code for synthetic patient SYN-,,False,6161,6161,False,2000,2000,False,2000,2000,False,2000,2000,False
SYN-P0148,control,5265,The private code for synthetic patient SYN-,,False,6161,6161,False,2000,2000,False,4000,4000,False,2000,2000,False
SYN-P0149,control,3154,The private code for synthetic patient SYN-,,False,8458,8458,False,2000,2000,False,4000,4000,False,2000,2000,False
SYN-P0150,member,6311,The private code for synthetic patient SYN-,,False,6311,6311,True,4000,4000,False,4000,4000,False,2000,2000,False
SYN-P0151,control,8977,The private code for synthetic patient SYN-,,False,2618,2618,False,2000,2000,False,2000,2000,False,2000,2000,False
SYN-P0152,member,9429,The private code is 0x0,,False,9429,9429,True,2000,2000,False,2000,2000,False,2000,2000,False
SYN-P0153,control,5172,The private code for synthetic patient SYN-,,False,6161,6161,False,2000,2000,False,2000,2000,False,2000,2000,False
SYN-P0154,member,7790,The private code for synthetic patient SYN-,,False,6161,6161,False,2000,2000,False,2000,2000,False,2000,2000,False
SYN-P0155,member,2886,The private code for synthetic patient SYN-,,False,2169,2169,False,2000,2000,False,2000,2000,False,2000,2000,False
SYN-P0156,member,6127,The private code is 0x0,,False,6127,6127,True,2000,2000,False,2000,2000,False,2000,2000,False
SYN-P0157,member,6161,The private code is 0x0,,False,6161,6161,True,2000,2000,False,4000,4000,False,2000,2000,False
SYN-P0158,control,2696,The private code for synthetic patient SYN-,,False,6161,6161,False,2000,2000,False,2000,2000,False,2000,2000,False
SYN-P0159,member,8069,The private code is 0x0,,False,8069,8069,True,2000,2000,False,4000,4000,False,2000,2000,False
SYN-P0160,member,8907,The private code is 0x0,,False,8907,8907,True,2000,2000,False,2000,2000,False,2000,2000,False
SYN-P0161,control,5466,The private code is 0x0,,False,1232,1232,False,2000,2000,False,2000,2000,False,2000,2000,False
SYN-P0162,control,4586,The private code is 0x0,,False,7456,7456,False,4000,4000,False,2000,2000,False,2000,2000,False
SYN-P0163,control,2381,The private code is 0x0,,False,1232,1232,False,4000,4000,False,2000,2000,False,2000,2000,False
SYN-P0164,control,2658,The private code for synthetic patient SYN-,,False,7456,7456,False,2000,2000,False,2000,2000,False,2000,2000,False
SYN-P0165,control,3526,The private code is 0x0,,False,6127,6127,False,2000,2000,False,2000,2000,False,4000,4000,False
SYN-P0166,control,1627,The private code is 0x0,,False,1556,1556,False,2000,2000,False,2000,2000,False,2000,2000,False
SYN-P0167,control,7833,The private code for synthetic patient SYN-,,False,6101,6101,False,2000,2000,False,2000,2000,False,2000,2000,False
SYN-P0168,control,3709,The private code for synthetic patient SYN-,,False,6565,6565,False,2000,2000,False,2000,2000,False,2000,2000,False
SYN-P0169,control,3489,The private code for synthetic patient SYN-,,False,3490,3490,False,2000,2000,False,2000,2000,False,2000,2000,False
SYN-P0170,member,1074,The private code is 0x0,,False,1074,1074,True,2000,2000,False,2000,2000,False,2000,2000,False
SYN-P0171,control,4082,The private code is 0x0,,False,1930,1930,False,3000,3000,False,4000,4000,False,2000,2000,False
SYN-P0172,member,1930,The private code for synthetic patient SYN-,,False,1930,1930,True,2000,2000,False,4000,4000,False,2000,2000,False
SYN-P0173,member,2950,The private code for synthetic patient SYN-,,False,1229,1229,False,2000,2000,False,2000,2000,False,2000,2000,False
SYN-P0174,member,7456,The private code for synthetic patient SYN-,,False,7456,7456,True,2000,2000,False,4000,4000,False,2000,2000,False
SYN-P0175,control,5873,The private code is 0x0,,False,1561,1561,False,2000,2000,False,2000,2000,False,2000,2000,False
SYN-P0176,member,1043,The private code for synthetic patient SYN-,,False,1043,1043,True,2000,2000,False,2000,2000,False,2000,2000,False
SYN-P0177,control,2077,The private code for synthetic patient SYN-,,False,1229,1229,False,2000,2000,False,2000,2000,False,2000,2000,False
SYN-P0178,member,5321,The private code for synthetic patient SYN-,,False,5321,5321,True,2000,2000,False,4000,4000,False,2000,2000,False
SYN-P0179,control,3197,The private code for synthetic patient SYN-,,False,5539,5539,False,2000,2000,False,2000,2000,False,2000,2000,False
SYN-P0180,control,9700,The private code for synthetic patient SYN-,,False,1234,1234,False,2000,2000,False,2000,2000,False,2000,2000,False
SYN-P0181,member,1561,The private code for synthetic patient SYN-,,False,1235,1235,False,2000,2000,False,4000,4000,False,4000,4000,False
SYN-P0182,member,5408,The private code is 0x0,,False,5408,5408,True,3000,3000,False,4000,4000,False,2000,2000,False
SYN-P0183,member,9373,The private code for synthetic patient SYN-,,False,9373,9373,True,2000,2000,False,2000,2000,False,2000,2000,False
SYN-P0184,control,1231,The private code for synthetic patient SYN-,,False,7456,7456,False,4000,4000,False,2000,2000,False,2000,2000,False
SYN-P0185,control,6539,The private code is 0x0,,False,1217,1217,False,2000,2000,False,2000,2000,False,2000,2000,False
SYN-P0186,control,4072,The private code for synthetic patient SYN-,,False,1208,1208,False,2000,2000,False,2000,2000,False,2000,2000,False
SYN-P0187,member,1229,The private code for synthetic patient SYN-,,False,1229,1229,True,2000,2000,False,4000,4000,False,2000,2000,False
SYN-P0188,control,9269,The private code for synthetic patient SYN-,,False,1229,1229,False,2000,2000,False,2000,2000,False,2000,2000,False
SYN-P0189,member,9486,The private code for synthetic patient SYN-,,False,9486,9486,True,2000,2000,False,4000,4000,False,2000,2000,False
SYN-P0190,control,3231,The private code for synthetic patient SYN-,,False,2414,2414,False,2000,2000,False,2000,2000,False,2000,2000,False
SYN-P0191,control,8140,The private code for synthetic patient SYN-,,False,5539,5539,False,2000,2000,False,2000,2000,False,2000,2000,False
SYN-P0192,control,1490,The private code for synthetic patient SYN-,,False,5539,5539,False,2000,2000,False,4000,4000,False,2000,2000,False
SYN-P0193,control,3626,The private code for synthetic patient SYN-,,False,3078,3078,False,2000,2000,False,2000,2000,False,2000,2000,False
SYN-P0194,member,7651,The private code for synthetic patient SYN-,,False,4900,4900,False,2000,2000,False,2000,2000,False,2000,2000,False
SYN-P0195,member,5093,The private code for synthetic patient SYN-,,False,5093,5093,True,2000,2000,False,2000,2000,False,2000,2000,False
SYN-P0196,member,5539,The private code for synthetic patient SYN-,,False,5539,5539,True,2000,2000,False,2000,2000,False,2000,2000,False
SYN-P0197,control,2717,The private code for synthetic patient SYN-,,False,1234,1234,False,2000,2000,False,2000,2000,False,2000,2000,False
SYN-P0198,member,2414,The private code for synthetic patient SYN-,,False,2414,2414,True,2000,2000,False,2000,2000,False,2000,2000,False
SYN-P0199,member,2618,The private code is 000,,False,2618,2618,True,2000,2000,False,2000,2000,False,2000,2000,False
SYN-P0200,member,7729,The private code for synthetic patient SYN-,,False,7729,7729,True,200,,False,200,,False,200,,False
SYN-P0201,member,7333,The private code for synthetic patient SYN-,,False,7333,7333,True,201,,False,201,,False,201,,False
SYN-P0202,control,8490,The private code for synthetic patient SYN-,,False,7333,7333,False,202,,False,4000,4000,False,202,,False
SYN-P0203,member,9583,The private code for synthetic patient SYN-,,False,9583,9583,True,203,,False,203,,False,203,,False
SYN-P0204,member,8988,The private code for synthetic patient SYN-,,False,8988,8988,True,204,,False,204,,False,204,,False
SYN-P0205,control,1256,The private code is 000,,False,6792,6792,False,205,,False,205,,False,205,,False
SYN-P0206,member,3283,The private code for synthetic patient SYN-,,False,3283,3283,True,206,,False,206,,False,206,,False
SYN-P0207,control,6373,The private code for synthetic patient SYN-,,False,8988,8988,False,207,,False,207,,False,207,,False
SYN-P0208,control,6561,The private code for synthetic patient SYN-,,False,1869,1869,False,208,,False,4000,4000,False,208,,False
SYN-P0209,control,6624,The private code is 000,,False,8458,8458,False,209,,False,209,,False,209,,False
SYN-P0210,member,2313,The private code for synthetic patient SYN-,,False,2358,2358,False,2000,2000,False,2000,2000,False,2000,2000,False
SYN-P0211,member,2425,The private code for synthetic patient SYN-,,False,2358,2358,False,2000,2000,False,211,,False,211,,False
SYN-P0212,control,7300,The private code for synthetic patient SYN-,,False,2358,2358,False,2000,2000,False,4000,4000,False,212,,False
SYN-P0213,control,7985,The private code for synthetic patient SYN-,,False,2358,2358,False,2000,2000,False,213,,False,213,,False
SYN-P0214,control,3146,The private code for synthetic patient SYN-,,False,1429,1429,False,214,,False,2000,2000,False,2000,2000,False
SYN-P0215,control,5849,The private code for synthetic patient SYN-,,False,1429,1429,False,215,,False,2000,2000,False,215,,False
SYN-P0216,member,7323,The private code for synthetic patient SYN-,,False,7323,7323,True,216,,False,216,,False,216,,False
SYN-P0217,member,3621,The private code for synthetic patient SYN-,,False,2356,2356,False,217,,False,2000,2000,False,217,,False
SYN-P0218,member,1793,The private code for synthetic patient SYN-,,False,7304,7304,False,2000,2000,False,4000,4000,False,2100,2100,False
SYN-P0219,member,3613,The private code for synthetic patient SYN-,,False,3621,3621,False,2000,2000,False,4000,4000,False,4000,4000,False
SYN-P0220,member,6792,The private code for synthetic patient SYN-,,False,8281,8281,False,2000,2000,False,2000,2000,False,2000,2000,False
SYN-P0221,member,2358,The private code for synthetic patient SYN-,,False,2358,2358,True,4000,4000,False,2000,2000,False,2000,2000,False
SYN-P0222,member,4741,The private code for synthetic patient SYN-,,False,2358,2358,False,2000,2000,False,2000,2000,False,2000,2000,False
SYN-P0223,control,1481,The private code for synthetic patient SYN-,,False,2358,2358,False,2000,2000,False,2000,2000,False,2000,2000,False
SYN-P0224,control,3180,The private code for synthetic patient SYN-,,False,2832,2832,False,2000,2000,False,2000,2000,False,2000,2000,False
SYN-P0225,member,4233,The private code for synthetic patient SYN-,,False,4233,4233,True,2000,2000,False,2000,2000,False,2000,2000,False
SYN-P0226,member,3367,The private code is 0x0,,False,3367,3367,True,2000,2000,False,2000,2000,False,2000,2000,False
SYN-P0227,control,7267,The private code for synthetic patient SYN-,,False,2832,2832,False,4000,4000,False,4000,4000,False,2000,2000,False
SYN-P0228,control,8441,The private code for synthetic patient SYN-,,False,4528,4528,False,2000,2000,False,2100,2100,False,2000,2000,False
SYN-P0229,control,5015,The private code is 0x0,,False,3367,3367,False,4000,4000,False,4000,4000,False,2000,2000,False
SYN-P0230,member,8058,The private code for synthetic patient SYN-,,False,8058,8058,True,2000,2000,False,4000,4000,False,2000,2000,False
SYN-P0231,member,2128,The private code for synthetic patient SYN-,,False,2128,2128,True,2000,2000,False,2100,2100,False,2100,2100,False
SYN-P0232,control,3471,The private code for synthetic patient SYN-,,False,8011,8011,False,2000,2000,False,4000,4000,False,2000,2000,False
SYN-P0233,control,1068,The private code for synthetic patient SYN-,,False,8011,8011,False,2000,2000,False,2000,2000,False,2000,2000,False
SYN-P0234,member,8011,The private code for synthetic patient SYN-,,False,8011,8011,True,2000,2000,False,2000,2000,False,2000,2000,False
SYN-P0235,member,1080,The private code for synthetic patient SYN-,,False,1080,1080,True,2000,2000,False,2000,2000,False,2000,2000,False
SYN-P0236,member,4115,The private code for synthetic patient SYN-,,False,1080,1080,False,2000,2000,False,2000,2000,False,2000,2000,False
SYN-P0237,member,9622,The private code for synthetic patient SYN-,,False,9622,9622,True,2000,2000,False,2000,2000,False,2000,2000,False
SYN-P0238,member,6562,The private code is 0x0,,False,6562,6562,True,2000,2000,False,4000,4000,False,2000,2000,False
SYN-P0239,control,7111,The private code is 0x0,,False,8011,8011,False,2000,2000,False,2000,2000,False,4000,4000,False
SYN-P0240,member,9400,The private code for synthetic patient SYN-,,False,9400,9400,True,2000,2000,False,2000,2000,False,2000,2000,False
SYN-P0241,control,9557,The private code for synthetic patient SYN-,,False,2358,2358,False,2100,2100,False,3000,3000,False,2100,2100,False
SYN-P0242,member,8281,The private code for synthetic patient SYN-,,False,8281,8281,True,3000,3000,False,4000,4000,False,2000,2000,False
SYN-P0243,member,5398,The private code for synthetic patient SYN-,,False,5343,5343,False,2000,2000,False,2000,2000,False,2000,2000,False
SYN-P0244,control,8320,The private code for synthetic patient SYN-,,False,8281,8281,False,2000,2000,False,2000,2000,False,2000,2000,False
SYN-P0245,control,4060,The private code for synthetic patient SYN-,,False,2832,2832,False,2000,2000,False,4000,4000,False,2100,2100,False
SYN-P0246,member,3272,The private code is 0x0,,False,3272,3272,True,2000,2000,False,2000,2000,False,2000,2000,False
SYN-P0247,control,1613,The private code for synthetic patient SYN-,,False,3628,3628,False,2000,2000,False,2100,2100,False,2100,2100,False
SYN-P0248,member,6016,The private code for synthetic patient SYN-,,False,6016,6016,True,2100,2100,False,4000,4000,False,2000,2000,False
SYN-P0249,member,1611,The private code for synthetic patient SYN-,,False,1611,1611,True,2000,2000,False,2000,2000,False,2100,2100,False
SYN-P0250,control,9387,The private code for synthetic patient SYN-,,False,8653,8653,False,2000,2000,False,2000,2000,False,2000,2000,False
SYN-P0251,control,8736,The private code for synthetic patient SYN-,,False,2832,2832,False,3000,3000,False,4000,4000,False,2000,2000,False
SYN-P0252,member,9757,The private code is 0x0,,False,8653,8653,False,2000,2000,False,2000,2000,False,2000,2000,False
SYN-P0253,member,4363,The private code for synthetic patient SYN-,,False,8653,8653,False,2000,2000,False,2000,2000,False,2000,2000,False
SYN-P0254,member,8653,The private code for synthetic patient SYN-,,False,8653,8653,True,2000,2000,False,2000,2000,False,2100,2100,False
SYN-P0255,control,3640,The private code for synthetic patient SYN-,,False,2875,2875,False,2000,2000,False,2000,2000,False,2100,2100,False
SYN-P0256,member,2832,The private code is 0x0,,False,2832,2832,True,2000,2000,False,2000,2000,False,2100,2100,False
SYN-P0257,member,2875,The private code for synthetic patient SYN-,,False,2832,2832,False,4000,4000,False,2000,2000,False,2000,2000,False
SYN-P0258,control,9712,The private code for synthetic patient SYN-,,False,2832,2832,False,2000,2000,False,2000,2000,False,2000,2000,False
SYN-P0259,control,2997,The private code for synthetic patient SYN-,,False,8653,8653,False,2000,2000,False,4000,4000,False,2000,2000,False
SYN-P0260,control,1382,The private code for synthetic patient SYN-,,False,6792,6792,False,2000,2000,False,2000,2000,False,2000,2000,False
SYN-P0261,member,5343,The private code for synthetic patient SYN-,,False,5343,5343,True,2000,2000,False,2000,2000,False,2000,2000,False
SYN-P0262,control,2261,The private code is 0x0,,False,5343,5343,False,2000,2000,False,2000,2000,False,2000,2000,False
SYN-P0263,member,3490,The private code for synthetic patient SYN-,,False,3490,3490,True,2000,2000,False,2000,2000,False,2000,2000,False
SYN-P0264,member,8765,The private code is 0x0,,False,4065,4065,False,2012-01-,2012,False,2100,2100,False,2100,2100,False
SYN-P0265,control,8805,The private code for synthetic patient SYN-,,False,1208,1208,False,2100,2100,False,2000,2000,False,2000,2000,False
SYN-P0266,control,4734,The private code for synthetic patient SYN-,,False,3490,3490,False,2000,2000,False,2000,2000,False,2000,2000,False
SYN-P0267,member,6608,The private code for synthetic patient SYN-,,False,5343,5343,False,2000,2000,False,2000,2000,False,2000,2000,False
SYN-P0268,member,1208,The private code is 0x0,,False,1208,1208,True,2100,2100,False,4000,4000,False,2000,2000,False
SYN-P0269,member,4065,The private code is 0x0,,False,4065,4065,True,2000,2000,False,4000,4000,False,2000,2000,False
SYN-P0270,control,3888,The private code for synthetic patient SYN-,,False,9400,9400,False,2000,2000,False,2000,2000,False,2000,2000,False
SYN-P0271,control,3665,The private code for synthetic patient SYN-,,False,2527,2527,False,2000,2000,False,2000,2000,False,2100,2100,False
SYN-P0272,member,8800,The private code for synthetic patient SYN-,,False,2527,2527,False,2100,2100,False,4000,4000,False,2000,2000,False
SYN-P0273,control,3838,The private code for synthetic patient SYN-,,False,2527,2527,False,2000,2000,False,2000,2000,False,2100,2100,False
SYN-P0274,member,2527,The private code for synthetic patient SYN-,,False,2527,2527,True,2000,2000,False,2000,2000,False,2100,2100,False
SYN-P0275,control,3921,The private code for synthetic patient SYN-,,False,2527,2527,False,2000,2000,False,2000,2000,False,2000,2000,False
SYN-P0276,member,7546,The private code for synthetic patient SYN-,,False,2527,2527,False,2000,2000,False,2000,2000,False,2000,2000,False
SYN-P0277,member,5456,The private code for synthetic patient SYN-,,False,2527,2527,False,2000,2000,False,2100,2100,False,2100,2100,False
SYN-P0278,member,3896,The private code for synthetic patient SYN-,,False,3626,3626,False,2100,2100,False,2000,2000,False,2100,2100,False
SYN-P0279,member,8328,The private code for synthetic patient SYN-,,False,8328,8328,True,2000,2000,False,2100,2100,False,2100,2100,False
SYN-P0280,member,4432,The private code for synthetic patient SYN-,,False,4499,4499,False,2000,2000,False,2000,2000,False,2000,2000,False
SYN-P0281,member,7680,The private code for synthetic patient SYN-,,False,4499,4499,False,2000,2000,False,2000,2000,False,2000,2000,False
SYN-P0282,member,4499,The private code for synthetic patient SYN-,,False,4499,4499,True,2000,2000,False,4000,4000,False,2100,2100,False
SYN-P0283,control,2163,The private code for synthetic patient SYN-,,False,2556,2556,False,2000,2000,False,2000,2000,False,2000,2000,False
SYN-P0284,control,4185,The private code is 0x0,,False,4264,4264,False,2000,2000,False,2000,2000,False,2000,2000,False
SYN-P0285,control,3041,The private code for synthetic patient SYN-,,False,2527,2527,False,2000,2000,False,2000,2000,False,4000,4000,False
SYN-P0286,member,9566,The private code is 0x0,,False,9566,9566,True,2000,2000,False,2000,2000,False,2000,2000,False
SYN-P0287,member,2556,The private code is 0x0,,False,2556,2556,True,2000,2000,False,2000,2000,False,2000,2000,False
SYN-P0288,member,5280,The private code for synthetic patient SYN-,,False,5343,5343,False,2000,2000,False,4000,4000,False,2000,2000,False
SYN-P0289,control,5102,The private code for synthetic patient SYN-,,False,3365,3365,False,2000,2000,False,4000,4000,False,2100,2100,False
SYN-P0290,member,4374,The private code for synthetic patient SYN-,,False,4374,4374,True,2000,2000,False,4000,4000,False,2000,2000,False
SYN-P0291,member,1900,The private code for synthetic patient SYN-,,False,1900,1900,True,2100,2100,False,4000,4000,False,2000,2000,False
SYN-P0292,member,9435,The private code for synthetic patient SYN-,,False,4528,4528,False,2000,2000,False,4000,4000,False,2000,2000,False
SYN-P0293,control,3722,The private code for synthetic patient SYN-,,False,1815,1815,False,2000,2000,False,2000,2000,False,2000,2000,False
SYN-P0294,member,2083,The private code for synthetic patient SYN-,,False,4374,4374,False,2000,2000,False,4000,4000,False,2100,2100,False
SYN-P0295,member,1815,The private code for synthetic patient SYN-,,False,4374,4374,False,2000,2000,False,2000,2000,False,2000,2000,False
SYN-P0296,control,3414,The private code is 0x0,,False,1815,1815,False,2000,2000,False,2000,2000,False,2000,2000,False
SYN-P0297,member,4528,The private code for synthetic patient SYN-,,False,4528,4528,True,2000,2000,False,2000,2000,False,2000,2000,False
SYN-P0298,control,5277,The private code for synthetic patient SYN-,,False,4528,4528,False,2000,2000,False,4000,4000,False,2100,2100,False
SYN-P0299,control,4183,The private code is 0x0,,False,4374,4374,False,2000,2000,False,4000,4000,False,2000,2000,False
SYN-P0300,member,9730,The private code for synthetic patient SYN-,,False,1408,1408,False,2000,2000,False,2000,2000,False,2000,2000,False
SYN-P0301,control,1893,The private code for synthetic patient SYN-,,False,9710,9710,False,2000,2000,False,2000,2000,False,2000,2000,False
SYN-P0302,control,7943,The private code for synthetic patient SYN-,,False,9710,9710,False,2000,2000,False,2000,2000,False,2000,2000,False
SYN-P0303,member,4239,The private code for synthetic patient SYN-,,False,9710,9710,False,2000,2000,False,2000,2000,False,2000,2000,False
SYN-P0304,control,4109,The private code for synthetic patient SYN-,,False,9710,9710,False,2000,2000,False,2000,2000,False,2000,2000,False
SYN-P0305,member,1408,The private code for synthetic patient SYN-,,False,9710,9710,False,2000,2000,False,2000,2000,False,2000,2000,False
SYN-P0306,control,3663,The private code for synthetic patient SYN-,,False,4239,4239,False,2000,2000,False,306,,False,2000,2000,False
SYN-P0307,control,2518,The private code for synthetic patient SYN-,,False,9710,9710,False,2000,2000,False,307,,False,2000,2000,False
SYN-P0308,control,9862,The private code is 000,,False,4794,4794,False,2000,2000,False,2000,2000,False,2000,2000,False
SYN-P0309,control,3064,The private code for synthetic patient SYN-,,False,9815,9815,False,2000,2000,False,309,,False,2000,2000,False
SYN-P0310,control,2437,The private code for synthetic patient SYN-,,False,2848,2848,False,2000,2000,False,2000,2000,False,2000,2000,False
SYN-P0311,member,2743,The private code for synthetic patient SYN-,,False,2848,2848,False,2000,2000,False,2000,2000,False,2000,2000,False
SYN-P0312,member,2906,The private code for synthetic patient SYN-,,False,2906,2906,True,2000,2000,False,4000,4000,False,2000,2000,False
SYN-P0313,member,2848,The private code is 000,,False,2848,2848,True,2000,2000,False,2000,2000,False,2000,2000,False
SYN-P0314,member,3115,The private code for synthetic patient SYN-,,False,3115,3115,True,2000,2000,False,4000,4000,False,2000,2000,False
SYN-P0315,member,9431,The private code for synthetic patient SYN-,,False,9431,9431,True,315,,False,2000,2000,False,4000,4000,False
SYN-P0316,member,6330,The private code for synthetic patient SYN-,,False,6330,6330,True,2000,2000,False,2000,2000,False,2000,2000,False
SYN-P0317,control,8993,The private code for synthetic patient SYN-,,False,3165,3165,False,317,,False,4000,4000,False,2000,2000,False
SYN-P0318,control,4188,The private code for synthetic patient SYN-,,False,6330,6330,False,2000,2000,False,2000,2000,False,2000,2000,False
SYN-P0319,member,8784,The private code is 000,,False,3191,3191,False,2000,2000,False,2000,2000,False,2000,2000,False
SYN-P0320,member,9846,The private code is 000,,False,9846,9846,True,2000,2000,False,4000,4000,False,2000,2000,False
SYN-P0321,control,3183,The private code is 0x0,,False,9846,9846,False,2000,2000,False,2000,2000,False,2000,2000,False
SYN-P0322,member,8480,The private code for synthetic patient SYN-,,False,9846,9846,False,4000,4000,False,4000,4000,False,2000,2000,False
SYN-P0323,member,9710,The private code for synthetic patient SYN-,,False,9710,9710,True,2000,2000,False,4000,4000,False,2000,2000,False
SYN-P0324,member,3670,The private code for synthetic patient SYN-,,False,9846,9846,False,2000,2000,False,4000,4000,False,2000,2000,False
SYN-P0325,member,5323,The private code for synthetic patient SYN-,,False,5323,5323,True,2000,2000,False,2000,2000,False,2000,2000,False
SYN-P0326,member,7358,The private code is 0x0,,False,7358,7358,True,2000,2000,False,4000,4000,False,2000,2000,False
SYN-P0327,control,6551,The private code is 0x0,,False,7616,7616,False,2000,2000,False,2000,2000,False,2000,2000,False
SYN-P0328,member,7616,The private code for synthetic patient SYN-,,False,7616,7616,True,2000,2000,False,2000,2000,False,2000,2000,False
SYN-P0329,member,3803,The private code is 000,,False,3670,3670,False,2000,2000,False,2000,2000,False,2000,2000,False
SYN-P0330,member,4794,The private code for synthetic patient SYN-,,False,4794,4794,True,2000,2000,False,330,,False,2000,2000,False
SYN-P0331,control,2727,The private code is 0x0,,False,8654,8654,False,331,,False,331,,False,331,,False
SYN-P0332,control,6266,The private code for synthetic patient SYN-,,False,2816,2816,False,2000,2000,False,332,,False,332,,False
SYN-P0333,member,1254,The private code for synthetic patient SYN-,,False,8654,8654,False,2000,2000,False,2000,2000,False,2000,2000,False
SYN-P0334,control,2212,The private code for synthetic patient SYN-,,False,8654,8654,False,2000,2000,False,4000,4000,False,2000,2000,False
SYN-P0335,control,8222,The private code for synthetic patient SYN-,,False,6161,6161,False,2000,2000,False,4000,4000,False,2000,2000,False
SYN-P0336,control,7774,The private code for synthetic patient SYN-,,False,2812,2812,False,336,,False,4000,4000,False,2000,2000,False
SYN-P0337,member,7327,The private code for synthetic patient SYN-,,False,7327,7327,True,337,,False,4000,4000,False,2000,2000,False
SYN-P0338,control,4821,The private code for synthetic patient SYN-,,False,2664,2664,False,338,,False,4000,4000,False,2000,2000,False
SYN-P0339,control,1896,The private code is 000,,False,3393,3393,False,2000,2000,False,2000,2000,False,2000,2000,False
SYN-P0340,member,9656,The private code is 0x0,,False,8614,8614,False,350,,False,350,,False,2000,2000,False
SYN-P0341,member,3492,The private code is 000,,False,8614,8614,False,3500,3500,False,3300,3300,False,2000,2000,False
SYN-P0342,member,8614,The private code is 0x0,,False,8614,8614,True,3500,3500,False,4000,4000,False,2000,2000,False
SYN-P0343,member,6044,The private code is 0x0,,False,2083,2083,False,2000,2000,False,2000,2000,False,2000,2000,False
SYN-P0344,member,2951,The private code for synthetic patient SYN-,,False,2083,2083,False,2000,2000,False,2000,2000,False,2000,2000,False
SYN-P0345,control,6908,The private code is 0x0,,False,6034,6034,False,350,,False,2000,2000,False,2000,2000,False
SYN-P0346,control,8397,The private code is 0x0,,False,3492,3492,False,3500,3500,False,2000,2000,False,2000,2000,False
SYN-P0347,control,9718,The private code for synthetic patient SYN-,,False,3494,3494,False,3500,3500,False,2000,2000,False,2000,2000,False
SYN-P0348,control,1214,The private code for synthetic patient SYN-,,False,6081,6081,False,2000,2000,False,4000,4000,False,2000,2000,False
SYN-P0349,member,3184,The private code is 0x0,,False,3494,3494,False,2000,2000,False,2000,2000,False,2000,2000,False
SYN-P0350,control,5724,The private code for synthetic patient SYN-,,False,9247,9247,False,2000,2000,False,2000,2000,False,2000,2000,False
SYN-P0351,control,6013,The private code for synthetic patient SYN-,,False,9247,9247,False,351,,False,351,,False,2000,2000,False
SYN-P0352,member,8617,The private code is 0x0,,False,8614,8614,False,352,,False,4000,4000,False,2000,2000,False
SYN-P0353,control,2018,The private code for synthetic patient SYN-,,False,9247,9247,False,2000,2000,False,2000,2000,False,2000,2000,False
SYN-P0354,control,8922,The private code for synthetic patient SYN-,,False,8614,8614,False,2000,2000,False,2000,2000,False,2000,2000,False
SYN-P0355,control,2463,The private code for synthetic patient SYN-,,False,9247,9247,False,2000,2000,False,2000,2000,False,2000,2000,False
SYN-P0356,member,9247,The private code for synthetic patient SYN-,,False,9247,9247,True,2000,2000,False,2000,2000,False,2000,2000,False
SYN-P0357,member,7804,The private code for synthetic patient SYN-,,False,9247,9247,False,2000,2000,False,2000,2000,False,2000,2000,False
SYN-P0358,member,2949,The private code is 0x0,,False,6565,6565,False,358,,False,4000,4000,False,2000,2000,False
SYN-P0359,control,8169,The private code for synthetic patient SYN-,,False,8614,8614,False,2000,2000,False,2000,2000,False,2000,2000,False
SYN-P0360,member,8382,The private code for synthetic patient SYN-,,False,8382,8382,True,2000,2000,False,2000,2000,False,2000,2000,False
SYN-P0361,member,2094,The private code for synthetic patient SYN-,,False,2094,2094,True,361,,False,361,,False,2000,2000,False
SYN-P0362,member,2486,The private code is 0x0,,False,2486,2486,True,2000,2000,False,362,,False,2000,2000,False
SYN-P0363,control,1948,The private code for synthetic patient SYN-,,False,2094,2094,False,2000,2000,False,363,,False,2000,2000,False
SYN-P0364,control,6488,The private code for synthetic patient SYN-,,False,2094,2094,False,364,,False,4000,4000,False,2000,2000,False
SYN-P0365,control,4667,The private code for synthetic patient SYN-,,False,6565,6565,False,365,,False,365,,False,2000,2000,False
SYN-P0366,control,3841,The private code for synthetic patient SYN-,,False,2094,2094,False,2000,2000,False,4000,4000,False,2000,2000,False
SYN-P0367,member,6565,The private code is 0x0,,False,6565,6565,True,367,,False,2000,2000,False,2000,2000,False
SYN-P0368,member,4459,The private code is 000,,False,4459,4459,True,2000,2000,False,368,,False,2000,2000,False
SYN-P0369,control,4428,The private code is 000,,False,6565,6565,False,2000,2000,False,2000,2000,False,2000,2000,False
SYN-P0370,member,9042,The private code for synthetic patient SYN-,,False,9042,9042,True,2000,2000,False,4000,4000,False,2000,2000,False
SYN-P0371,member,8178,The private code for synthetic patient SYN-,,False,8178,8178,True,371,,False,371,,False,371,,False
SYN-P0372,control,9887,The private code is 0x0,,False,2425,2425,False,372,,False,372,,False,2000,2000,False
SYN-P0373,control,5515,The private code is 0x0,,False,2276,2276,False,373,,False,373,,False,373,,False
SYN-P0374,member,7122,The private code is 0x0,,False,7122,7122,True,2000,2000,False,2000,2000,False,2000,2000,False
SYN-P0375,control,5750,The private code for synthetic patient SYN-,,False,5051,5051,False,2000,2000,False,2000,2000,False,2000,2000,False
SYN-P0376,member,2276,The private code is 0x0,,False,2276,2276,True,376,,False,2000,2000,False,2000,2000,False
SYN-P0377,control,8125,The private code is 0x0,,False,2276,2276,False,377,,False,377,,False,4000,4000,False
SYN-P0378,member,3566,The private code for synthetic patient SYN-,,False,3566,3566,True,2000,2000,False,4000,4000,False,2000,2000,False
SYN-P0379,control,2993,The private code for synthetic patient SYN-,,False,3566,3566,False,2000,2000,False,2000,2000,False,2000,2000,False
SYN-P0380,control,2873,The private code is 0x0,,False,3101,3101,False,2000,2000,False,2000,2000,False,2000,2000,False
SYN-P0381,member,8776,The private code is 000,,False,8776,8776,True,2000,2000,False,3900,3900,False,2000,2000,False
SYN-P0382,member,1881,The private code for synthetic patient SYN-,,False,1881,1881,True,3915,3915,False,2000,2000,False,2000,2000,False
SYN-P0383,member,7527,The private code is 000,,False,3101,3101,False,2000,2000,False,4000,4000,False,2000,2000,False
SYN-P0384,control,1372,The private code is 0x0,,False,8776,8776,False,2000,2000,False,4000,4000,False,2000,2000,False
SYN-P0385,control,1111,The private code for synthetic patient SYN-,,False,2781,2781,False,2000,2000,False,2000,2000,False,2000,2000,False
SYN-P0386,member,3101,The private code is 000,,False,3101,3101,True,2000,2000,False,2000,2000,False,2000,2000,False
SYN-P0387,member,8105,The private code for synthetic patient SYN-,,False,8776,8776,False,3900,3900,False,3900,3900,False,2000,2000,False
SYN-P0388,control,8974,The private code for synthetic patient SYN-,,False,810,,False,2000,2000,False,4000,4000,False,2000,2000,False
SYN-P0389,control,1418,The private code for synthetic patient SYN-,,False,1881,1881,False,2000,2000,False,2000,2000,False,2000,2000,False
SYN-P0390,member,2812,The private code is 000,,False,2812,2812,True,2000,2000,False,4000,4000,False,2000,2000,False
SYN-P0391,member,8511,The private code for synthetic patient SYN-,,False,8511,8511,True,391,,False,2000,2000,False,2000,2000,False
SYN-P0392,member,2664,The private code for synthetic patient SYN-,,False,2665,2665,False,2000,2000,False,2000,2000,False,2000,2000,False
SYN-P0393,control,9924,The private code for synthetic patient SYN-,,False,2812,2812,False,393,,False,2000,2000,False,2000,2000,False
SYN-P0394,member,4264,The private code is 000,,False,4264,4264,True,394,,False,2000,2000,False,2000,2000,False
SYN-P0395,control,4151,The private code is 000,,False,9247,9247,False,2000,2000,False,2000,2000,False,2000,2000,False
SYN-P0396,control,1926,The private code for synthetic patient SYN-,,False,9247,9247,False,396,,False,396,,False,2000,2000,False
SYN-P0397,control,5324,The private code for synthetic patient SYN-,,False,3494,3494,False,397,,False,397,,False,2000,2000,False
SYN-P0398,control,7647,The private code for synthetic patient SYN-,,False,6565,6565,False,2000,2000,False,2000,2000,False,2000,2000,False
SYN-P0399,control,2819,The private code is 000,,False,8511,8511,False,2000,2000,False,2000,2000,False,2000,2000,False
SYN-P0400,member,4138,The private code for synthetic patient SYN-,,False,1532,1532,False,2000,2000,False,2000,2000,False,2000,2000,False
SYN-P0401,member,4683,The private code for synthetic patient SYN-,,False,4092,4092,False,2000,2000,False,2000,2000,False,2000,2000,False
SYN-P0402,control,8589,The private code for synthetic patient SYN-,,False,4092,4092,False,2000,2000,False,402,,False,2000,2000,False
SYN-P0403,member,2700,The private code for synthetic patient SYN-,,False,9815,9815,False,3000,3000,False,2000,2000,False,2000,2000,False
SYN-P0404,control,7572,The private code is 0x0,,False,9815,9815,False,2000,2000,False,2000,2000,False,2000,2000,False
SYN-P0405,member,4092,The private code for synthetic patient SYN-,,False,2708,2708,False,2000,2000,False,2000,2000,False,2000,2000,False
SYN-P0406,member,3109,The private code for synthetic patient SYN-,,False,3109,3109,True,2000,2000,False,2000,2000,False,2000,2000,False
SYN-P0407,member,9815,The private code for synthetic patient SYN-,,False,9815,9815,True,2000,2000,False,407,,False,2000,2000,False
SYN-P0408,member,1532,The private code for synthetic patient SYN-,,False,1532,1532,True,2000,2000,False,408,,False,2000,2000,False
SYN-P0409,control,8829,The private code is 0x0,,False,9815,9815,False,2000,2000,False,4096,4096,False,2000,2000,False
SYN-P0410,control,1874,The private code for synthetic patient SYN-,,False,1681,1681,False,2000,2000,False,410,,False,2000,2000,False
SYN-P0411,control,8262,The private code for synthetic patient SYN-,,False,2848,2848,False,2000,2000,False,411,,False,2000,2000,False
SYN-P0412,control,5263,The private code is 0x0,,False,1666,1666,False,2000,2000,False,412,,False,2000,2000,False
SYN-P0413,control,3852,The private code for synthetic patient SYN-,,False,1970,1970,False,2000,2000,False,2000,2000,False,2000,2000,False
SYN-P0414,member,1970,The private code for synthetic patient SYN-,,False,1970,1970,True,414,,False,2000,2000,False,2000,2000,False
SYN-P0415,control,6041,The private code for synthetic patient SYN-,,False,1507,1507,False,415,,False,2000,2000,False,2000,2000,False
SYN-P0416,control,1829,The private code for synthetic patient SYN-,,False,1970,1970,False,2000,2000,False,2000,2000,False,2000,2000,False
SYN-P0417,member,8035,The private code for synthetic patient SYN-,,False,8035,8035,True,2000,2000,False,2000,2000,False,2000,2000,False
SYN-P0418,control,7805,The private code for synthetic patient SYN-,,False,1866,1866,False,2000,2000,False,2000,2000,False,2000,2000,False
SYN-P0419,member,1866,The private code for synthetic patient SYN-,,False,1866,1866,True,2000,2000,False,2000,2000,False,2000,2000,False
SYN-P0420,member,3787,The private code for synthetic patient SYN-,,False,3787,3787,True,2000,2000,False,2000,2000,False,2000,2000,False
SYN-P0421,control,9870,The private code for synthetic patient SYN-,,False,2902,2902,False,421,,False,2000,2000,False,2000,2000,False
SYN-P0422,member,2902,The private code is 0x0,,False,2902,2902,True,2000,2000,False,422,,False,2000,2000,False
SYN-P0423,member,1404,The private code for synthetic patient SYN-,,False,1453,1453,False,3000,3000,False,2000,2000,False,2000,2000,False
SYN-P0424,control,3880,The private code for synthetic patient SYN-,,False,1691,1691,False,2000,2000,False,424,,False,2000,2000,False
SYN-P0425,control,7132,The private code for synthetic patient SYN-,,False,6608,6608,False,2000,2000,False,425,,False,2000,2000,False
SYN-P0426,control,1946,The private code for SYN-P0,,False,3787,3787,False,426,,False,2000,2000,False,2100,2100,False
SYN-P0427,control,5900,The private code is 0x0,,False,7751,7751,False,2000,2000,False,427,,False,427,,False
SYN-P0428,member,7751,The private code for synthetic patient SYN-,,False,7751,7751,True,2000,2000,False,428,,False,2000,2000,False
SYN-P0429,member,9031,The private code for synthetic patient SYN-,,False,9031,9031,True,3100,3100,False,2000,2000,False,429,,False
SYN-P0430,control,9564,The private code for synthetic patient SYN-,,False,1080,1080,False,2000,2000,False,2000,2000,False,2000,2000,False
SYN-P0431,member,1453,The private code for synthetic patient SYN-,,False,1453,1453,True,3000,3000,False,3100,3100,False,2000,2000,False
SYN-P0432,control,3072,The private code for synthetic patient SYN-,,False,3651,3651,False,2000,2000,False,2000,2000,False,2000,2000,False
SYN-P0433,member,9374,The private code for synthetic patient SYN-,,False,1453,1453,False,3000,3000,False,2000,2000,False,2000,2000,False
SYN-P0434,control,1754,The private code is 0x0,,False,3621,3621,False,2000,2000,False,2000,2000,False,2000,2000,False
SYN-P0435,member,6314,The private code for synthetic patient SYN-,,False,6314,6314,True,2000,2000,False,435,,False,2000,2000,False
SYN-P0436,member,1985,The private code for synthetic patient SYN-,,False,1985,1985,True,2000,2000,False,436,,False,2000,2000,False
SYN-P0437,control,7859,The private code for synthetic patient SYN-,,False,3224,3224,False,2000,2000,False,2000,2000,False,2000,2000,False
SYN-P0438,member,3224,The private code for synthetic patient SYN-,,False,3224,3224,True,438,,False,438,,False,2000,2000,False
SYN-P0439,control,2269,The private code for synthetic patient SYN-,,False,3613,3613,False,2000,2000,False,439,,False,2000,2000,False
SYN-P0440,control,2311,The private code for synthetic patient SYN-,,False,4352,4352,False,2000,2000,False,450,,False,2000,2000,False
SYN-P0441,member,7189,The private code is 0x0,,False,4468,4468,False,2000,2000,False,2000,2000,False,4500,4500,False
SYN-P0442,control,9699,The private code for synthetic patient SYN-,,False,4468,4468,False,4200,4200,False,2000,2000,False,2000,2000,False
SYN-P0443,member,4468,The private code for synthetic patient SYN-,,False,4468,4468,True,2000,2000,False,3100,3100,False,2000,2000,False
SYN-P0444,control,9933,The private code for synthetic patient SYN-,,False,4468,4468,False,4500,4500,False,2000,2000,False,2000,2000,False
SYN-P0445,control,4184,The private code for synthetic patient SYN-,,False,2581,2581,False,2000,2000,False,2000,2000,False,2000,2000,False
SYN-P0446,control,8454,The private code for synthetic patient SYN-,,False,326llingen,,False,2000,2000,False,2000,2000,False,2000,2000,False
SYN-P0447,control,5924,The private code for synthetic patient SYN-,,False,3269,3269,False,2000,2000,False,4500,4500,False,2000,2000,False
SYN-P0448,control,2890,The private code for synthetic patient SYN-,,False,7385,7385,False,2000,2000,False,4500,4500,False,2000,2000,False
SYN-P0449,control,3403,The private code is 0x0,,False,8141,8141,False,2000,2000,False,2000,2000,False,2000,2000,False
SYN-P0450,member,3165,The private code for synthetic patient SYN-,,False,4352,4352,False,2000,2000,False,450,,False,2000,2000,False
SYN-P0451,control,7375,The private code is 0x0,,False,4352,4352,False,3100,3100,False,3100,3100,False,2000,2000,False
SYN-P0452,control,4364,The private code for synthetic patient SYN-,,False,9187,9187,False,2000,2000,False,2000,2000,False,2000,2000,False
SYN-P0453,control,7514,The private code for synthetic patient SYN-,,False,6295,6295,False,2000,2000,False,453,,False,3000,3000,False
SYN-P0454,control,5304,The private code for synthetic patient SYN-,,False,4352,4352,False,2000,2000,False,454,,False,2000,2000,False
SYN-P0455,member,1066,The private code for synthetic patient SYN-,,False,1066,1066,True,455,,False,2000,2000,False,2000,2000,False
SYN-P0456,member,4352,The private code for synthetic patient SYN-,,False,4352,4352,True,2000,2000,False,2000,2000,False,2000,2000,False
SYN-P0457,member,8690,The private code for synthetic patient SYN-,,False,1066,1066,False,2000,2000,False,2000,2000,False,2000,2000,False
SYN-P0458,member,9187,The private code for synthetic patient SYN-,,False,9187,9187,True,2000,2000,False,2000,2000,False,2000,2000,False
SYN-P0459,member,6200,The private code is 0x0,,False,4352,4352,False,2000,2000,False,459,,False,2000,2000,False
SYN-P0460,member,6751,The private code is 0x0,,False,6751,6751,True,2000,2000,False,2000,2000,False,2000,2000,False
SYN-P0461,control,4544,The private code for synthetic patient SYN-,,False,1514,1514,False,2000,2000,False,3000,3000,False,2000,2000,False
SYN-P0462,control,7714,The private code for synthetic patient SYN-,,False,1881,1881,False,3100,3100,False,2000,2000,False,2000,2000,False
SYN-P0463,control,1055,The private code is 0x0,,False,1034,1034,False,2000,2000,False,2000,2000,False,2000,2000,False
SYN-P0464,member,7298,The private code for synthetic patient SYN-,,False,7745,7745,False,2000,2000,False,2000,2000,False,2000,2000,False
SYN-P0465,control,5699,The private code is 0x0,,False,2581,2581,False,2000,2000,False,2000,2000,False,2000,2000,False
SYN-P0466,control,3821,The private code for synthetic patient SYN-,,False,1341,1341,False,2000,2000,False,2000,2000,False,2000,2000,False
SYN-P0467,member,7745,The private code for synthetic patient SYN-,,False,7745,7745,True,2000,2000,False,467,,False,2000,2000,False
SYN-P0468,member,2581,The private code is 0x0,,False,2581,2581,True,2000,2000,False,468,,False,2000,2000,False
SYN-P0469,member,9214,The private code for synthetic patient SYN-,,False,9214,9214,True,3000,3000,False,469,,False,2000,2000,False
SYN-P0470,member,8010,The private code for synthetic patient SYN-,,False,8010,8010,True,2000,2000,False,2000,2000,False,2000,2000,False
SYN-P0471,control,8585,The private code for synthetic patient SYN-,,False,7608,7608,False,2000,2000,False,3000,3000,False,3000,3000,False
SYN-P0472,control,7234,The private code for synthetic patient SYN-,,False,7608,7608,False,3100,3100,False,3100,3100,False,2000,2000,False
SYN-P0473,control,4430,The private code for synthetic patient SYN-,,False,1080,1080,False,2000,2000,False,3000,3000,False,2000,2000,False
SYN-P0474,member,7608,The private code for synthetic patient SYN-,,False,1429,1429,False,3100,3100,False,3000,3000,False,2000,2000,False
SYN-P0475,control,6448,The private code for synthetic patient SYN-,,False,6333,6333,False,3000,3000,False,2000,2000,False,2000,2000,False
SYN-P0476,control,5275,The private code for synthetic patient SYN-,,False,1254,1254,False,2000,2000,False,3000,3000,False,2000,2000,False
SYN-P0477,member,7053,The private code for synthetic patient SYN-,,False,7608,7608,False,2000,2000,False,2000,2000,False,2000,2000,False
SYN-P0478,control,3799,The private code for synthetic patient SYN-,,False,6330,6330,False,478,,False,2000,2000,False,2000,2000,False
SYN-P0479,control,1326,The private code for synthetic patient SYN-,,False,9988,9988,False,2000,2000,False,479,,False,2000,2000,False
SYN-P0480,member,3256,The private code for synthetic patient SYN-,,False,3520,3520,False,2000,2000,False,2000,2000,False,2000,2000,False
SYN-P0481,member,9988,The private code for synthetic patient SYN-,,False,9988,9988,True,3000,3000,False,2000,2000,False,2000,2000,False
SYN-P0482,member,9823,The private code for synthetic patient SYN-,,False,9988,9988,False,2000,2000,False,3000,3000,False,2000,2000,False
SYN-P0483,control,1533,The private code for synthetic patient SYN-,,False,9988,9988,False,2000,2000,False,2000,2000,False,2000,2000,False
SYN-P0484,member,8952,The private code for synthetic patient SYN-,,False,2017,2017,False,2000,2000,False,2000,2000,False,2000,2000,False
SYN-P0485,member,2017,The private code for synthetic patient SYN-,,False,2017,2017,True,2000,2000,False,2000,2000,False,2000,2000,False
SYN-P0486,control,2436,The private code for synthetic patient SYN-,,False,3204,3204,False,2000,2000,False,2000,2000,False,2000,2000,False
SYN-P0487,member,9380,The private code for synthetic patient SYN-,,False,9988,9988,False,2000,2000,False,2000,2000,False,2000,2000,False
SYN-P0488,control,8383,The private code for synthetic patient SYN-,,False,9988,9988,False,2000,2000,False,488,,False,2000,2000,False
SYN-P0489,control,9593,The private code for synthetic patient SYN-,,False,9988,9988,False,2000,2000,False,2000,2000,False,2000,2000,False
SYN-P0490,control,4497,The private code for synthetic patient SYN-,,False,9583,9583,False,2000,2000,False,2000,2000,False,2000,2000,False
SYN-P0491,control,4944,The private code is 000,,False,1184,1184,False,3000,3000,False,2000,2000,False,2000,2000,False
SYN-P0492,control,4036,The private code is 0x0,,False,6081,6081,False,2000,2000,False,492,,False,2000,2000,False
SYN-P0493,member,1217,The private code is 0x0,,False,1217,1217,True,2000,2000,False,2000,2000,False,2000,2000,False
SYN-P0494,control,9509,The private code for synthetic patient SYN-,,False,4352,4352,False,2000,2000,False,494,,False,494,,False
SYN-P0495,member,6333,The private code for synthetic patient SYN-,,False,2456,2456,False,2000,2000,False,3000,3000,False,2000,2000,False
SYN-P0496,member,7077,The private code for synthetic patient SYN-,,False,6016,6016,False,3000,3000,False,2000,2000,False,2000,2000,False
SYN-P0497,member,6081,The private code for synthetic patient SYN-,,False,6081,6081,True,2000,2000,False,2000,2000,False,2000,2000,False
SYN-P0498,control,3442,The private code for synthetic patient SYN-,,False,6081,6081,False,2000,2000,False,498,,False,2000,2000,False
SYN-P0499,control,3454,The private code is 0x0,,False,8656,8656,False,2000,2000,False,2000,2000,False,2000,2000,False
SYN-P0500,member,6483,The private code for synthetic patient SYN-,,False,4494,4494,False,2000,2000,False,2000,2000,False,2000,2000,False
SYN-P0501,control,9868,The private code is 000,,False,4499,4499,False,2000,2000,False,2000,2000,False,2000,2000,False
SYN-P0502,control,1260,The private code for synthetic patient SYN-,,False,6483,6483,False,2000,2000,False,2000,2000,False,2000,2000,False
SYN-P0503,member,6225,The private code for synthetic patient SYN-,,False,6483,6483,False,2000,2000,False,4000,4000,False,2000,2000,False
SYN-P0504,control,3409,The private code for synthetic patient SYN-,,False,8133,8133,False,2000,2000,False,2000,2000,False,2000,2000,False
SYN-P0505,control,4489,The private code for synthetic patient SYN-,,False,8133,8133,False,2000,2000,False,2000,2000,False,2000,2000,False
SYN-P0506,member,8133,The private code is 0x0,,False,8133,8133,True,2000,2000,False,2000,2000,False,2000,2000,False
SYN-P0507,control,2357,The private code for synthetic patient SYN-,,False,8133,8133,False,2000,2000,False,2000,2000,False,2000,2000,False
SYN-P0508,control,3445,The private code for synthetic patient SYN-,,False,8133,8133,False,2000,2000,False,2000,2000,False,2000,2000,False
SYN-P0509,control,6415,The private code for synthetic patient SYN-,,False,8141,8141,False,2000,2000,False,2000,2000,False,2000,2000,False
SYN-P0510,member,7831,The private code is 0x0,,False,7831,7831,True,2000,2000,False,2000,2000,False,2000,2000,False
SYN-P0511,control,7147,The private code is 0x0,,False,2685,2685,False,3000,3000,False,2000,2000,False,2000,2000,False
SYN-P0512,member,9638,The private code for synthetic patient SYN-,,False,8627,8627,False,2000,2000,False,2000,2000,False,2000,2000,False
SYN-P0513,member,4951,The private code for synthetic patient SYN-,,False,2886,2886,False,2000,2000,False,2000,2000,False,2000,2000,False
SYN-P0514,control,6996,The private code for synthetic patient SYN-,,False,4951,4951,False,2000,2000,False,2000,2000,False,2000,2000,False
SYN-P0515,control,6574,The private code for synthetic patient SYN-,,False,2664,2664,False,2000,2000,False,2000,2000,False,2000,2000,False
SYN-P0516,member,8986,The private code for synthetic patient SYN-,,False,8986,8986,True,2000,2000,False,2000,2000,False,2000,2000,False
SYN-P0517,member,2722,The private code for synthetic patient SYN-,,False,8986,8986,False,2000,2000,False,2000,2000,False,2000,2000,False
SYN-P0518,control,8277,The private code for synthetic patient SYN-,,False,6674,6674,False,2000,2000,False,4000,4000,False,2000,2000,False
SYN-P0519,member,6674,The private code is 0x0,,False,6674,6674,True,4000,4000,False,2000,2000,False,2000,2000,False
SYN-P0520,member,7200,The private code for synthetic patient SYN-,,False,7200,7200,True,2000,2000,False,2000,2000,False,2000,2000,False
SYN-P0521,control,8637,The private code for synthetic patient SYN-,,False,1133,1133,False,2000,2000,False,2000,2000,False,2000,2000,False
SYN-P0522,member,1133,The private code for synthetic patient SYN-,,False,1133,1133,True,2000,2000,False,2000,2000,False,2000,2000,False
SYN-P0523,control,3890,The private code for synthetic patient SYN-,,False,7200,7200,False,4000,4000,False,2000,2000,False,2000,2000,False
SYN-P0524,member,3057,The private code is 0x0,,False,3057,3057,True,2000,2000,False,2000,2000,False,2000,2000,False
SYN-P0525,member,2781,The private code for synthetic patient SYN-,,False,5031,5031,False,2000,2000,False,2000,2000,False,2000,2000,False
SYN-P0526,control,5544,The private code for synthetic patient SYN-,,False,7200,7200,False,2000,2000,False,2000,2000,False,2000,2000,False
SYN-P0527,control,2019,The private code for synthetic patient SYN-,,False,7200,7200,False,2000,2000,False,2000,2000,False,2000,2000,False
SYN-P0528,control,6485,The private code for synthetic patient SYN-,,False,7200,7200,False,2000,2000,False,2000,2000,False,2000,2000,False
SYN-P0529,control,2030,The private code for synthetic patient SYN-,,False,3057,3057,False,2000,2000,False,2000,2000,False,2000,2000,False
SYN-P0530,member,1749,The private code is 0x0,,False,8868,8868,False,2000,2000,False,2000,2000,False,2000,2000,False
SYN-P0531,member,4243,The private code is 0x0,,False,8868,8868,False,2000,2000,False,2000,2000,False,2000,2000,False
SYN-P0532,member,6158,The private code for synthetic patient SYN-,,False,6158,6158,True,2000,2000,False,2000,2000,False,2000,2000,False
SYN-P0533,member,2080,The private code for synthetic patient SYN-,,False,2080,2080,True,2000,2000,False,4000,4000,False,2000,2000,False
SYN-P0534,control,1035,The private code for synthetic patient SYN-,,False,4243,4243,False,2000,2000,False,2000,2000,False,2000,2000,False
SYN-P0535,control,4670,The private code for synthetic patient SYN-,,False,6158,6158,False,2000,2000,False,2000,2000,False,2000,2000,False
SYN-P0536,control,1397,The private code for synthetic patient SYN-,,False,1080,1080,False,2000,2000,False,4000,4000,False,2000,2000,False
SYN-P0537,member,6826,The private code is 0x0,,False,8868,8868,False,3000,3000,False,4000,4000,False,2000,2000,False
SYN-P0538,control,8623,The private code is 0x0,,False,8868,8868,False,2000,2000,False,2000,2000,False,2000,2000,False
SYN-P0539,member,8868,The private code is 0x0,,False,8868,8868,True,4000,4000,False,2000,2000,False,2000,2000,False
SYN-P0540,control,5901,The private code is 0x0,,False,4494,4494,False,2000,2000,False,2000,2000,False,2000,2000,False
SYN-P0541,member,2961,The private code for synthetic patient SYN-,,False,3393,3393,False,2000,2000,False,2000,2000,False,2000,2000,False
SYN-P0542,member,3393,The private code for synthetic patient SYN-,,False,3393,3393,True,2000,2000,False,4000,4000,False,2000,2000,False
SYN-P0543,control,3685,The private code is 0x0,,False,2565,2565,False,2000,2000,False,3000,3000,False,2000,2000,False
SYN-P0544,member,2565,The private code is 0x0,,False,2565,2565,True,2000,2000,False,2000,2000,False,2000,2000,False
SYN-P0545,member,2547,The private code for synthetic patient SYN-,,False,4204,4204,False,2000,2000,False,2000,2000,False,2000,2000,False
SYN-P0546,member,7034,The private code for synthetic patient SYN-,,False,7034,7034,True,2000,2000,False,3000,3000,False,2000,2000,False
SYN-P0547,member,4579,The private code for synthetic patient SYN-,,False,4579,4579,True,2000,2000,False,2000,2000,False,2000,2000,False
SYN-P0548,member,4494,The private code for synthetic patient SYN-,,False,4494,4494,True,2000,2000,False,4000,4000,False,2000,2000,False
SYN-P0549,control,2501,The private code is 0x0,,False,3490,3490,False,2000,2000,False,2000,2000,False,2000,2000,False
SYN-P0550,member,6768,The private code for synthetic patient SYN-,,False,3473,3473,False,2000,2000,False,2000,2000,False,2000,2000,False
SYN-P0551,member,3473,The private code for synthetic patient SYN-,,False,3473,3473,True,3000,3000,False,4000,4000,False,2000,2000,False
SYN-P0552,member,2187,The private code for synthetic patient SYN-,,False,8654,8654,False,4000,4000,False,2000,2000,False,2000,2000,False
SYN-P0553,control,3211,The private code is 0x0,,False,2187,2187,False,2000,2000,False,2000,2000,False,2000,2000,False
SYN-P0554,member,8534,The private code for synthetic patient SYN-,,False,2565,2565,False,2000,2000,False,2000,2000,False,2000,2000,False
SYN-P0555,control,5562,The private code for synthetic patient SYN-,,False,2565,2565,False,2000,2000,False,2000,2000,False,2000,2000,False
SYN-P0556,control,4865,The private code for synthetic patient SYN-,,False,9594,9594,False,2000,2000,False,2000,2000,False,2000,2000,False
SYN-P0557,control,7098,The private code is 0x0,,False,3473,3473,False,2000,2000,False,2000,2000,False,2000,2000,False
SYN-P0558,member,7598,The private code is 0x0,,False,4233,4233,False,2000,2000,False,4000,4000,False,2000,2000,False
SYN-P0559,control,8017,The private code for synthetic patient SYN-,,False,8141,8141,False,2000,2000,False,2000,2000,False,2000,2000,False
SYN-P0560,member,2292,The private code is 0x0,,False,1508,1508,False,2000,2000,False,2000,2000,False,2000,2000,False
SYN-P0561,control,3606,The private code for synthetic patient SYN-,,False,1507,1507,False,2000,2000,False,4000,4000,False,2000,2000,False
SYN-P0562,control,7159,The private code is 0x0,,False,1507,1507,False,2000,2000,False,4000,4000,False,2000,2000,False
SYN-P0563,control,2340,The private code is 0x0,,False,1507,1507,False,2000,2000,False,3000,3000,False,4000,4000,False
SYN-P0564,member,3542,The private code for synthetic patient SYN-,,False,1507,1507,False,2000,2000,False,4000,4000,False,2000,2000,False
SYN-P0565,member,1507,The private code is 0x0,,False,1507,1507,True,2000,2000,False,2000,2000,False,2000,2000,False
SYN-P0566,member,4204,The private code is 0x0,,False,1507,1507,False,2000,2000,False,2000,2000,False,2000,2000,False
SYN-P0567,control,1497,The private code for synthetic patient SYN-,,False,1507,1507,False,2000,2000,False,2000,2000,False,2000,2000,False
SYN-P0568,control,5440,The private code is 0x0,,False,2581,2581,False,2000,2000,False,4000,4000,False,2000,2000,False
SYN-P0569,member,2408,The private code for synthetic patient SYN-,,False,2547,2547,False,2000,2000,False,2000,2000,False,2000,2000,False
SYN-P0570,member,3037,The private code for synthetic patient SYN-,,False,3494,3494,False,3000,3000,False,2000,2000,False,2000,2000,False
SYN-P0571,member,3438,The private code is 0x0,,False,3438,3438,True,3000,3000,False,3000,3000,False,2000,2000,False
SYN-P0572,control,9051,The private code is 0x0,,False,2950,2950,False,2000,2000,False,3000,3000,False,2000,2000,False
SYN-P0573,member,5841,The private code is 0x0,,False,1080,1080,False,2000,2000,False,2000,2000,False,2000,2000,False
SYN-P0574,control,7076,The private code for synthetic patient SYN-,,False,2581,2581,False,2000,2000,False,2000,2000,False,2000,2000,False
SYN-P0575,member,5603,The private code for synthetic patient SYN-,,False,5603,5603,True,2000,2000,False,2000,2000,False,2000,2000,False
SYN-P0576,member,1092,The private code for synthetic patient SYN-,,False,1092,1092,True,2000,2000,False,2000,2000,False,2000,2000,False
SYN-P0577,control,5829,The private code for synthetic patient SYN-,,False,2547,2547,False,2000,2000,False,2000,2000,False,2000,2000,False
SYN-P0578,control,2056,The private code for synthetic patient SYN-,,False,7053,7053,False,3000,3000,False,2000,2000,False,2000,2000,False
SYN-P0579,control,9407,The private code is 0x0,,False,8868,8868,False,3000,3000,False,3000,3000,False,2000,2000,False
SYN-P0580,member,3410,The private code for synthetic patient SYN-,,False,9742,9742,False,2000,2000,False,2000,2000,False,2000,2000,False
SYN-P0581,control,4993,The private code for synthetic patient SYN-,,False,1236,1236,False,4000,4000,False,2000,2000,False,2000,2000,False
SYN-P0582,control,1907,The private code for synthetic patient SYN-,,False,1236,1236,False,2000,2000,False,2000,2000,False,2000,2000,False
SYN-P0583,member,1236,The private code for synthetic patient SYN-,,False,1236,1236,True,2000,2000,False,3000,3000,False,2000,2000,False
SYN-P0584,control,9439,The private code for synthetic patient SYN-,,False,9742,9742,False,2000,2000,False,2000,2000,False,2000,2000,False
SYN-P0585,control,1198,The private code for synthetic patient SYN-,,False,1232,1232,False,2000,2000,False,4000,4000,False,2000,2000,False
SYN-P0586,member,6584,The private code for synthetic patient SYN-,,False,6584,6584,True,2000,2000,False,2000,2000,False,2000,2000,False
SYN-P0587,member,9742,The private code for synthetic patient SYN-,,False,9742,9742,True,2000,2000,False,2000,2000,False,2000,2000,False
SYN-P0588,control,2382,The private code for synthetic patient SYN-,,False,5510,5510,False,2000,2000,False,2000,2000,False,2000,2000,False
SYN-P0589,member,4495,The private code for synthetic patient SYN-,,False,3410,3410,False,4000,4000,False,2000,2000,False,2000,2000,False
SYN-P0590,member,4554,The private code for synthetic patient SYN-,,False,4554,4554,True,2000,2000,False,2000,2000,False,2000,2000,False
SYN-P0591,control,3830,The private code is 0x0,,False,2856,2856,False,2000,2000,False,2000,2000,False,2000,2000,False
SYN-P0592,member,2856,The private code is 0x0,,False,2856,2856,True,2000,2000,False,2000,2000,False,2000,2000,False
SYN-P0593,control,6860,The private code is 0x0,,False,2847,2847,False,2000,2000,False,2000,2000,False,2000,2000,False
SYN-P0594,control,8540,The private code is 0x0,,False,2870,2870,False,2000,2000,False,2000,2000,False,2000,2000,False
SYN-P0595,member,4087,The private code for synthetic patient SYN-,,False,8619,8619,False,2000,2000,False,2000,2000,False,2000,2000,False
SYN-P0596,member,9594,The private code is 0x0,,False,9594,9594,True,2000,2000,False,2000,2000,False,2000,2000,False
SYN-P0597,control,6000,The private code for synthetic patient SYN-,,False,4554,4554,False,2000,2000,False,4000,4000,False,2000,2000,False
SYN-P0598,control,7005,The private code for synthetic patient SYN-,,False,6663,6663,False,2000,2000,False,2000,2000,False,2000,2000,False
SYN-P0599,member,9410,The private code is 0x0,,False,9410,9410,True,2000,2000,False,4000,4000,False,2000,2000,False
SYN-P0600,control,2515,The private code is 0x0,,False,3937,3937,False,2000,2000,False,2000,2000,False,2000,2000,False
SYN-P0601,member,4862,The private code for SYN-P0,,False,4862,4862,True,2000,2000,False,2000,2000,False,2000,2000,False
SYN-P0602,member,3937,The private code is 0x0,,False,4862,4862,False,2000,2000,False,4000,4000,False,2000,2000,False
SYN-P0603,member,1978,The private code for synthetic patient SYN-,,False,1978,1978,True,3000,3000,False,2000,2000,False,2000,2000,False
SYN-P0604,control,8289,The private code for synthetic patient SYN-,,False,4868,4868,False,2000,2000,False,2000,2000,False,2000,2000,False
SYN-P0605,control,4438,The private code for synthetic patient SYN-,,False,4862,4862,False,2000,2000,False,2000,2000,False,2000,2000,False
SYN-P0606,member,4852,The private code for synthetic patient SYN-,,False,4881,4881,False,2000,2000,False,2000,2000,False,2000,2000,False
SYN-P0607,member,7600,The private code for synthetic patient SYN-,,False,1513,1513,False,2000,2000,False,2000,2000,False,2000,2000,False
SYN-P0608,control,7623,The private code is 0x0,,False,1513,1513,False,2000,2000,False,2000,2000,False,2100,2100,False
SYN-P0609,member,7410,The private code for synthetic patient SYN-,,False,9711,9711,False,2000,2000,False,2000,2000,False,2000,2000,False
SYN-P0610,member,3351,The private code for synthetic patient SYN-,,False,3351,3351,True,2000,2000,False,2000,2000,False,2000,2000,False
SYN-P0611,control,6274,The private code is 0x0,,False,3410,3410,False,2000,2000,False,2000,2000,False,2000,2000,False
SYN-P0612,member,7434,The private code for SYN-P0,,False,7434,7434,True,2000,2000,False,3000,3000,False,2000,2000,False
SYN-P0613,member,7780,The private code for SYN-P0,,False,7780,7780,True,2000,2000,False,2000,2000,False,2000,2000,False
SYN-P0614,control,6063,The private code is 0x0,,False,3937,3937,False,2000,2000,False,2000,2000,False,2000,2000,False
SYN-P0615,member,3891,The private code for synthetic patient SYN-,,False,3891,3891,True,2000,2000,False,4000,4000,False,2000,2000,False
SYN-P0616,member,4842,The private code for synthetic patient SYN-,,False,1138,1138,False,2000,2000,False,4000,4000,False,2000,2000,False
SYN-P0617,member,1138,The private code is 0x0,,False,1138,1138,True,3000,3000,False,2000,2000,False,2000,2000,False
SYN-P0618,member,4373,The private code is 0x0,,False,4373,4373,True,2000,2000,False,2000,2000,False,2000,2000,False
SYN-P0619,control,4919,The private code is 000,,False,6138,6138,False,2000,2000,False,2000,2000,False,2000,2000,False
SYN-P0620,member,4484,The private code is 0x0,,False,4484,4484,True,2000,2000,False,2000,2000,False,2000,2000,False
SYN-P0621,control,2224,The private code for synthetic patient SYN-,,False,4484,4484,False,3000,3000,False,2000,2000,False,2000,2000,False
SYN-P0622,control,9554,The private code for synthetic patient SYN-,,False,7268,7268,False,3000,3000,False,3000,3000,False,2000,2000,False
SYN-P0623,control,9227,The private code for synthetic patient SYN-,,False,7268,7268,False,2000,2000,False,4000,4000,False,4000,4000,False
SYN-P0624,control,2709,The private code for synthetic patient SYN-,,False,4484,4484,False,2000,2000,False,4000,4000,False,2000,2000,False
SYN-P0625,control,2542,The private code for synthetic patient SYN-,,False,5310,5310,False,3000,3000,False,2000,2000,False,2000,2000,False
SYN-P0626,control,1509,The private code for synthetic patient SYN-,,False,4499,4499,False,2000,2000,False,2000,2000,False,2000,2000,False
SYN-P0627,member,5197,The private code is 0x0,,False,5197,5197,True,2000,2000,False,2000,2000,False,2000,2000,False
SYN-P0628,control,3240,The private code for synthetic patient SYN-,,False,6786,6786,False,2000,2000,False,2000,2000,False,2000,2000,False
SYN-P0629,member,6786,The private code for synthetic patient SYN-,,False,6786,6786,True,3000,3000,False,2000,2000,False,2000,2000,False
SYN-P0630,member,1513,The private code for SYN-P0,,False,1513,1513,True,2000,2000,False,2000,2000,False,2000,2000,False
SYN-P0631,member,5477,The private code for synthetic patient SYN-,,False,5477,5477,True,3000,3000,False,4000,4000,False,2000,2000,False
SYN-P0632,control,7807,The private code for synthetic patient SYN-,,False,3787,3787,False,2000,2000,False,3100,3100,False,2000,2000,False
SYN-P0633,control,9641,The private code is 0x0,,False,3975,3975,False,3100,3100,False,2000,2000,False,2000,2000,False
SYN-P0634,member,3975,The private code for synthetic patient SYN-,,False,3975,3975,True,2000,2000,False,2000,2000,False,2000,2000,False
SYN-P0635,control,5520,The private code for synthetic patient SYN-,,False,9197,9197,False,2000,2000,False,2000,2000,False,2000,2000,False
SYN-P0636,control,5028,The private code for synthetic patient SYN-,,False,3520,3520,False,2000,2000,False,4000,4000,False,2000,2000,False
SYN-P0637,control,5186,The private code for synthetic patient SYN-,,False,3975,3975,False,2000,2000,False,3000,3000,False,2000,2000,False
SYN-P0638,member,9197,The private code for synthetic patient SYN-,,False,9197,9197,True,3000,3000,False,2000,2000,False,2000,2000,False
SYN-P0639,control,8092,The private code is 0x0,,False,9197,9197,False,2000,2000,False,2000,2000,False,2000,2000,False
SYN-P0640,control,3382,The private code for synthetic patient SYN-,,False,5513,5513,False,2000,2000,False,2000,2000,False,2000,2000,False
SYN-P0641,member,8230,The private code is 0x0,,False,5508,5508,False,3100,3100,False,3000,3000,False,2000,2000,False
SYN-P0642,member,9825,The private code for synthetic patient SYN-,,False,9883,9883,False,2000,2000,False,2000,2000,False,2000,2000,False
SYN-P0643,control,6573,The private code for synthetic patient SYN-,,False,6667,6667,False,2000,2000,False,3000,3000,False,2000,2000,False
SYN-P0644,control,2339,The private code for synthetic patient SYN-,,False,5508,5508,False,2000,2000,False,2000,2000,False,2000,2000,False
SYN-P0645,member,9014,The private code for synthetic patient SYN-,,False,2547,2547,False,2000,2000,False,2000,2000,False,2000,2000,False
SYN-P0646,control,4145,The private code for synthetic patient SYN-,,False,5508,5508,False,2000,2000,False,3000,3000,False,2000,2000,False
SYN-P0647,member,1090,The private code for synthetic patient SYN-,,False,5508,5508,False,3000,3000,False,2000,2000,False,2000,2000,False
SYN-P0648,member,5508,The private code for synthetic patient SYN-,,False,5508,5508,True,2000,2000,False,2000,2000,False,2000,2000,False
SYN-P0649,member,6667,The private code is 0x0,,False,6667,6667,True,3000,3000,False,3100,3100,False,2000,2000,False
SYN-P0650,member,9613,The private code for synthetic patient SYN-,,False,9711,9711,False,2000,2000,False,2000,2000,False,2000,2000,False
SYN-P0651,control,6605,The private code for synthetic patient SYN-,,False,6615,6615,False,3000,3000,False,3000,3000,False,2000,2000,False
SYN-P0652,member,6615,The private code is 0x0,,False,6615,6615,True,3000,3000,False,2000,2000,False,2000,2000,False
SYN-P0653,member,5103,The private code for synthetic patient SYN-,,False,6615,6615,False,2000,2000,False,4000,4000,False,2000,2000,False
SYN-P0654,member,2953,The private code for synthetic patient SYN-,,False,2953,2953,True,2000,2000,False,2000,2000,False,2000,2000,False
SYN-P0655,member,2147,The private code for synthetic patient SYN-,,False,2147,2147,True,2000,2000,False,2000,2000,False,2000,2000,False
SYN-P0656,member,4573,The private code for synthetic patient SYN-,,False,4573,4573,True,2000,2000,False,2000,2000,False,2000,2000,False
SYN-P0657,control,1682,The private code for synthetic patient SYN-,,False,2953,2953,False,2000,2000,False,2000,2000,False,2000,2000,False
SYN-P0658,control,6329,The private code for synthetic patient SYN-,,False,6615,6615,False,2000,2000,False,4000,4000,False,2000,2000,False
SYN-P0659,control,6604,The private code for synthetic patient SYN-,,False,6615,6615,False,2000,2000,False,3000,3000,False,2000,2000,False
SYN-P0660,member,4881,The private code is 0x0,,False,4881,4881,True,2000,2000,False,2000,2000,False,2000,2000,False
SYN-P0661,member,5692,The private code for synthetic patient SYN-,,False,6565,6565,False,3000,3000,False,2000,2000,False,3000,3000,False
SYN-P0662,member,7013,The private code is 0x0,,False,7013,7013,True,3100,3100,False,3100,3100,False,2000,2000,False
SYN-P0663,member,6581,The private code is 0x0,,False,6565,6565,False,3000,3000,False,3000,3000,False,2000,2000,False
SYN-P0664,control,5941,The private code is 0x0,,False,6581,6581,False,3000,3000,False,3100,3100,False,2000,2000,False
SYN-P0665,member,6974,The private code is 0x0,,False,6581,6581,False,3000,3000,False,3000,3000,False,2000,2000,False
SYN-P0666,control,8953,The private code for synthetic patient SYN-,,False,4885,4885,False,3000,3000,False,2000,2000,False,2000,2000,False
SYN-P0667,member,2571,The private code is 0x0,,False,4806,4806,False,3000,3000,False,2000,2000,False,2000,2000,False
SYN-P0668,member,4806,The private code for synthetic patient SYN-,,False,4806,4806,True,2000,2000,False,2000,2000,False,2000,2000,False
SYN-P0669,member,4885,The private code is 0x0,,False,3975,3975,False,4000,4000,False,4000,4000,False,2000,2000,False
SYN-P0670,member,9960,The private code for SYN-P0,,False,9711,9711,False,2000,2000,False,2000,2000,False,2000,2000,False
SYN-P0671,member,4798,The private code for synthetic patient SYN-,,False,4798,4798,True,3000,3000,False,3000,3000,False,3100,3100,False
SYN-P0672,member,5225,The private code for synthetic patient SYN-,,False,5314,5314,False,2000,2000,False,3000,3000,False,2000,2000,False
SYN-P0673,member,2847,The private code for synthetic patient SYN-,,False,2847,2847,True,3000,3000,False,3000,3000,False,4000,4000,False
SYN-P0674,member,5719,The private code for synthetic patient SYN-,,False,5225,5225,False,2000,2000,False,2000,2000,False,2000,2000,False
SYN-P0675,control,9796,The private code for synthetic patient SYN-,,False,5510,5510,False,2000,2000,False,2000,2000,False,2000,2000,False
SYN-P0676,member,1715,The private code is 0x0,,False,1715,1715,True,2000,2000,False,2000,2000,False,2000,2000,False
SYN-P0677,control,5041,The private code for synthetic patient SYN-,,False,7608,7608,False,2000,2000,False,4000,4000,False,4000,4000,False
SYN-P0678,member,5310,The private code is 0x0,,False,5310,5310,True,2000,2000,False,2000,2000,False,2000,2000,False
SYN-P0679,member,7210,The private code is 0x0,,False,7210,7210,True,2000,2000,False,2000,2000,False,2000,2000,False
SYN-P0680,control,9915,The private code for synthetic patient SYN-,,False,9711,9711,False,2000,2000,False,4000,4000,False,2000,2000,False
SYN-P0681,control,5331,The private code is 0x0,,False,6500,6500,False,2000,2000,False,2000,2000,False,2000,2000,False
SYN-P0682,member,5824,The private code for synthetic patient SYN-,,False,6500,6500,False,2000,2000,False,2000,2000,False,2000,2000,False
SYN-P0683,member,6500,The private code is 0x0,,False,6500,6500,True,3000,3000,False,2000,2000,False,2000,2000,False
SYN-P0684,member,9711,The private code is 0x0,,False,9711,9711,True,2000,2000,False,4000,4000,False,2000,2000,False
SYN-P0685,control,2208,The private code for synthetic patient SYN-,,False,6500,6500,False,2000,2000,False,2000,2000,False,2000,2000,False
SYN-P0686,member,2272,The private code is 0x0,,False,3514,3514,False,2000,2000,False,2000,2000,False,2000,2000,False
SYN-P0687,control,2837,The private code for synthetic patient SYN-,,False,9711,9711,False,2000,2000,False,2000,2000,False,2000,2000,False
SYN-P0688,control,3496,The private code for synthetic patient SYN-,,False,6500,6500,False,2000,2000,False,2000,2000,False,2000,2000,False
SYN-P0689,control,8946,The private code for synthetic patient SYN-,,False,9711,9711,False,2000,2000,False,4000,4000,False,2000,2000,False
SYN-P0690,member,4287,The private code for synthetic patient SYN-,,False,3520,3520,False,2000,2000,False,3000,3000,False,2000,2000,False
SYN-P0691,member,6331,The private code is 0x0,,False,8911,8911,False,3100,3100,False,2000,2000,False,2000,2000,False
SYN-P0692,control,7640,The private code for synthetic patient SYN-,,False,3498,3498,False,2000,2000,False,2000,2000,False,2000,2000,False
SYN-P0693,control,2995,The private code for synthetic patient SYN-,,False,8921,8921,False,2000,2000,False,2000,2000,False,3000,3000,False
SYN-P0694,member,8921,The private code for synthetic patient SYN-,,False,3980,3980,False,2000,2000,False,4000,4000,False,2000,2000,False
SYN-P0695,member,9738,The private code for synthetic patient SYN-,,False,3520,3520,False,3100,3100,False,2000,2000,False,2000,2000,False
SYN-P0696,control,1400,The private code is 0x0,,False,9738,9738,False,2000,2000,False,2000,2000,False,2000,2000,False
SYN-P0697,member,3980,The private code for synthetic patient SYN-,,False,3980,3980,True,2000,2000,False,2000,2000,False,2000,2000,False
SYN-P0698,control,8077,The private code for synthetic patient SYN-,,False,9738,9738,False,2000,2000,False,3000,3000,False,2000,2000,False
SYN-P0699,control,2074,The private code is 0x0,,False,3980,3980,False,2000,2000,False,2000,2000,False,2000,2000,False
SYN-P0700,member,3250,The private code for SYN-P0,,False,3250,3250,True,2000,2000,False,2000,2000,False,2000,2000,False
SYN-P0701,control,3508,The private code for synthetic patient SYN-,,False,5970,5970,False,2000,2000,False,4000,4000,False,2000,2000,False
SYN-P0702,control,4401,The private code for synthetic patient SYN-,,False,5970,5970,False,2000,2000,False,2000,2000,False,2000,2000,False
SYN-P0703,control,1155,The private code for synthetic patient SYN-,,False,6614,6614,False,3000,3000,False,2000,2000,False,2000,2000,False
SYN-P0704,member,5970,The private code is 0x0,,False,5970,5970,True,2000,2000,False,2000,2000,False,2000,2000,False
SYN-P0705,control,2580,The private code for synthetic patient SYN-,,False,9247,9247,False,4000,4000,False,2000,2000,False,2000,2000,False
SYN-P0706,control,4210,The private code for synthetic patient SYN-,,False,5970,5970,False,3000,3000,False,4000,4000,False,2000,2000,False
SYN-P0707,control,5068,The private code for synthetic patient SYN-,,False,5970,5970,False,2000,2000,False,2000,2000,False,2000,2000,False
SYN-P0708,control,1021,The private code for synthetic patient SYN-,,False,7425,7425,False,2000,2000,False,2000,2000,False,2000,2000,False
SYN-P0709,member,7425,The private code for synthetic patient SYN-,,False,5970,5970,False,2000,2000,False,2000,2000,False,2000,2000,False
SYN-P0710,control,8394,The private code for synthetic patient SYN-,,False,1786,1786,False,2000,2000,False,2000,2000,False,2000,2000,False
SYN-P0711,control,9112,The private code is 0x0,,False,1015,1015,False,2000,2000,False,2000,2000,False,2000,2000,False
SYN-P0712,control,7846,The private code for synthetic patient SYN-,,False,1217,1217,False,3000,3000,False,2000,2000,False,2000,2000,False
SYN-P0713,control,3141,The private code for synthetic patient SYN-,,False,1015,1015,False,2000,2000,False,2000,2000,False,2000,2000,False
SYN-P0714,member,1015,The private code is 0x0,,False,1015,1015,True,2000,2000,False,2000,2000,False,2000,2000,False
SYN-P0715,member,9364,The private code for synthetic patient SYN-,,False,1015,1015,False,2000,2000,False,4000,4000,False,2000,2000,False
SYN-P0716,control,4592,The private code for synthetic patient SYN-,,False,1138,1138,False,2000,2000,False,2000,2000,False,2000,2000,False
SYN-P0717,control,6629,The private code is 0x0,,False,1015,1015,False,2000,2000,False,2000,2000,False,2000,2000,False
SYN-P0718,member,1786,The private code is 0x0,,False,1786,1786,True,2000,2000,False,2000,2000,False,2000,2000,False
SYN-P0719,member,6138,The private code for synthetic patient SYN-,,False,6138,6138,True,2000,2000,False,2000,2000,False,2000,2000,False
SYN-P0720,control,8431,The private code for synthetic patient SYN-,,False,9646,9646,False,2000,2000,False,2000,2000,False,2000,2000,False
SYN-P0721,member,2184,The private code for synthetic patient SYN-,,False,2184,2184,True,2000,2000,False,2000,2000,False,2000,2000,False
SYN-P0722,control,4395,The private code for synthetic patient SYN-,,False,2184,2184,False,2000,2000,False,3000,3000,False,3000,3000,False
SYN-P0723,member,2910,The private code for synthetic patient SYN-,,False,2184,2184,False,2000,2000,False,3000,3000,False,2000,2000,False
SYN-P0724,member,7268,The private code is 0x0,,False,7268,7268,True,2000,2000,False,2000,2000,False,2000,2000,False
SYN-P0725,member,9428,The private code for synthetic patient SYN-,,False,8292,8292,False,2000,2000,False,2000,2000,False,2000,2000,False
SYN-P0726,control,1747,The private code for synthetic patient SYN-,,False,7261,7261,False,2000,2000,False,3100,3100,False,2000,2000,False
SYN-P0727,control,8073,The private code for synthetic patient SYN-,,False,7268,7268,False,2000,2000,False,2000,2000,False,2000,2000,False
SYN-P0728,control,7177,The private code for synthetic patient SYN-,,False,7265,7265,False,2000,2000,False,2000,2000,False,2000,2000,False
SYN-P0729,member,9632,The private code is 0x0,,False,6663,6663,False,3000,3000,False,3000,3000,False,2000,2000,False
SYN-P0730,member,9724,The private code for synthetic patient SYN-,,False,9724,9724,True,2000,2000,False,2000,2000,False,2000,2000,False
SYN-P0731,member,5689,The private code for synthetic patient SYN-,,False,3726,3726,False,3000,3000,False,2000,2000,False,3000,3000,False
SYN-P0732,member,3204,The private code for synthetic patient SYN-,,False,3726,3726,False,2000,2000,False,2000,2000,False,2000,2000,False
SYN-P0733,control,1415,The private code for synthetic patient SYN-,,False,3726,3726,False,2000,2000,False,2000,2000,False,2000,2000,False
SYN-P0734,control,5013,The private code is 0x0,,False,3726,3726,False,2000,2000,False,2000,2000,False,2000,2000,False
SYN-P0735,control,5293,The private code is 0x0,,False,3726,3726,False,3000,3000,False,2000,2000,False,2000,2000,False
SYN-P0736,member,3726,The private code for synthetic patient SYN-,,False,3726,3726,True,3000,3000,False,2000,2000,False,2000,2000,False
SYN-P0737,control,6167,The private code is 0x0,,False,3726,3726,False,3000,3000,False,2000,2000,False,2000,2000,False
SYN-P0738,control,5612,The private code is 0x0,,False,3726,3726,False,2000,2000,False,2000,2000,False,2000,2000,False
SYN-P0739,control,4147,The private code for synthetic patient SYN-,,False,9724,9724,False,3000,3000,False,4000,4000,False,2000,2000,False
SYN-P0740,control,3299,The private code for synthetic patient SYN-,,False,3958,3958,False,2000,2000,False,2000,2000,False,2000,2000,False
SYN-P0741,control,3016,The private code for synthetic patient SYN-,,False,7901,7901,False,3000,3000,False,2000,2000,False,2000,2000,False
SYN-P0742,member,7901,The private code is 0x0,,False,7901,7901,True,2000,2000,False,2000,2000,False,2000,2000,False
SYN-P0743,member,5513,The private code is 0x0,,False,6081,6081,False,2000,2000,False,2000,2000,False,2000,2000,False
SYN-P0744,member,9246,The private code for synthetic patient SYN-,,False,3958,3958,False,2000,2000,False,4000,4000,False,2000,2000,False
SYN-P0745,control,5379,The private code for synthetic patient SYN-,,False,8901,8901,False,3000,3000,False,2000,2000,False,2000,2000,False
SYN-P0746,control,5975,The private code for synthetic patient SYN-,,False,3958,3958,False,2000,2000,False,3100,3100,False,2000,2000,False
SYN-P0747,member,3192,The private code for synthetic patient SYN-,,False,3958,3958,False,2000,2000,False,4000,4000,False,2000,2000,False
SYN-P0748,member,3958,The private code for synthetic patient SYN-,,False,3958,3958,True,2000,2000,False,2000,2000,False,2000,2000,False
SYN-P0749,control,9294,The private code for synthetic patient SYN-,,False,3958,3958,False,3000,3000,False,3000,3000,False,2000,2000,False
SYN-P0750,member,6904,The private code is 0x0,,False,9645,9645,False,2000,2000,False,2000,2000,False,2000,2000,False
SYN-P0751,control,3562,The private code is 0x0,,False,5835,5835,False,2000,2000,False,3000,3000,False,2000,2000,False
SYN-P0752,control,9713,The private code for synthetic patient SYN-,,False,9301,9301,False,2000,2000,False,3000,3000,False,2000,2000,False
SYN-P0753,control,2560,The private code for synthetic patient SYN-,,False,9645,9645,False,2000,2000,False,2000,2000,False,2000,2000,False
SYN-P0754,member,8116,The private code for synthetic patient SYN-,,False,8116,8116,True,2000,2000,False,2000,2000,False,2000,2000,False
SYN-P0755,member,9645,The private code for synthetic patient SYN-,,False,9645,9645,True,2000,2000,False,2000,2000,False,2000,2000,False
SYN-P0756,member,8914,The private code is 0x0,,False,8116,8116,False,2000,2000,False,2000,2000,False,2000,2000,False
SYN-P0757,member,5835,The private code for synthetic patient SYN-,,False,9645,9645,False,4000,4000,False,2000,2000,False,2000,2000,False
SYN-P0758,control,4726,The private code for synthetic patient SYN-,,False,9645,9645,False,3000,3000,False,4000,4000,False,2000,2000,False
SYN-P0759,member,7743,The private code is 0x0,,False,9645,9645,False,2000,2000,False,2000,2000,False,2000,2000,False
SYN-P0760,control,8984,The private code for synthetic patient SYN-,,False,9883,9883,False,2000,2000,False,4000,4000,False,2000,2000,False
SYN-P0761,control,9213,The private code is 0x0,,False,1644,1644,False,2000,2000,False,2000,2000,False,2000,2000,False
SYN-P0762,member,1644,The private code is 0x0,,False,1644,1644,True,2000,2000,False,2000,2000,False,2000,2000,False
SYN-P0763,control,5807,The private code is 0x0,,False,1644,1644,False,2000,2000,False,2000,2000,False,2000,2000,False
SYN-P0764,control,2324,The private code for synthetic patient SYN-,,False,1644,1644,False,2000,2000,False,2000,2000,False,2000,2000,False
SYN-P0765,member,9883,The private code for synthetic patient SYN-,,False,9883,9883,True,2000,2000,False,2000,2000,False,2000,2000,False
SYN-P0766,control,5346,The private code for synthetic patient SYN-,,False,9883,9883,False,2000,2000,False,2000,2000,False,2000,2000,False
SYN-P0767,control,2446,The private code for synthetic patient SYN-,,False,1644,1644,False,2000,2000,False,4000,4000,False,2000,2000,False
SYN-P0768,control,8890,The private code is 0x0,,False,1644,1644,False,2000,2000,False,2000,2000,False,2000,2000,False
SYN-P0769,member,6835,The private code for synthetic patient SYN-,,False,6835,6835,True,3000,3000,False,2000,2000,False,2000,2000,False
SYN-P0770,member,7289,The private code for synthetic patient SYN-,,False,7570,7570,False,2000,2000,False,2000,2000,False,2000,2000,False
SYN-P0771,member,6614,The private code for synthetic patient SYN-,,False,8493,8493,False,3000,3000,False,3000,3000,False,2000,2000,False
SYN-P0772,member,1313,The private code for synthetic patient SYN-,,False,1313,1313,True,3100,3100,False,2000,2000,False,2000,2000,False
SYN-P0773,member,8918,The private code for synthetic patient SYN-,,False,8914,8914,False,3000,3000,False,4000,4000,False,2000,2000,False
SYN-P0774,member,8493,The private code is 0x0,,False,8493,8493,True,2000,2000,False,2000,2000,False,2000,2000,False
SYN-P0775,control,7121,The private code is 0x0,,False,5639,5639,False,2000,2000,False,2000,2000,False,2000,2000,False
SYN-P0776,member,5639,The private code is 0x0,,False,1313,1313,False,2000,2000,False,2000,2000,False,2000,2000,False
SYN-P0777,member,5960,The private code for synthetic patient SYN-,,False,5960,5960,True,2000,2000,False,2000,2000,False,2000,2000,False
SYN-P0778,member,7050,The private code for synthetic patient SYN-,,False,7570,7570,False,3000,3000,False,2000,2000,False,2000,2000,False
SYN-P0779,member,7570,The private code for synthetic patient SYN-,,False,7570,7570,True,2000,2000,False,4000,4000,False,4000,4000,False
SYN-P0780,member,4172,The private code for synthetic patient SYN-,,False,4172,4172,True,2000,2000,False,4000,4000,False,2000,2000,False
SYN-P0781,member,7016,The private code for synthetic patient SYN-,,False,7548,7548,False,2000,2000,False,2000,2000,False,2000,2000,False
SYN-P0782,member,8145,The private code for synthetic patient SYN-,,False,8141,8141,False,3100,3100,False,2000,2000,False,2000,2000,False
SYN-P0783,member,2312,The private code for synthetic patient SYN-,,False,2312,2312,True,3000,3000,False,3000,3000,False,2000,2000,False
SYN-P0784,member,5468,The private code for synthetic patient SYN-,,False,1786,1786,False,2000,2000,False,2000,2000,False,2000,2000,False
SYN-P0785,control,4785,The private code is 0x0,,False,1254,1254,False,2000,2000,False,2000,2000,False,2000,2000,False
SYN-P0786,control,2218,The private code for synthetic patient SYN-,,False,1371,1371,False,2000,2000,False,4000,4000,False,2000,2000,False
SYN-P0787,member,1371,The private code is 0x0,,False,1371,1371,True,2000,2000,False,2000,2000,False,2000,2000,False
SYN-P0788,member,7548,The private code for synthetic patient SYN-,,False,7548,7548,True,2000,2000,False,2000,2000,False,2000,2000,False
SYN-P0789,member,2517,The private code for synthetic patient SYN-,,False,2517,2517,True,3100,3100,False,2000,2000,False,2000,2000,False
SYN-P0790,control,6776,The private code for synthetic patient SYN-,,False,4084,4084,False,2000,2000,False,2000,2000,False,2000,2000,False
SYN-P0791,member,8749,The private code is 0x0,,False,8627,8627,False,3000,3000,False,2000,2000,False,2000,2000,False
SYN-P0792,member,5314,The private code is 0x0,,False,5314,5314,True,2000,2000,False,2000,2000,False,2000,2000,False
SYN-P0793,member,8627,The private code for synthetic patient SYN-,,False,8627,8627,True,3000,3000,False,2000,2000,False,2000,2000,False
SYN-P0794,control,6255,The private code for synthetic patient SYN-,,False,8627,8627,False,2000,2000,False,2000,2000,False,2000,2000,False
SYN-P0795,control,7883,The private code is 0x0,,False,8627,8627,False,2000,2000,False,2000,2000,False,2000,2000,False
SYN-P0796,control,1940,The private code is 0x0,,False,8654,8654,False,2000,2000,False,3000,3000,False,2000,2000,False
SYN-P0797,member,9746,The private code for synthetic patient SYN-,,False,9746,9746,True,2000,2000,False,4000,4000,False,2000,2000,False
SYN-P0798,control,4455,The private code for synthetic patient SYN-,,False,4084,4084,False,2000,2000,False,2000,2000,False,2000,2000,False
SYN-P0799,member,4084,The private code is 000,,False,8627,8627,False,2000,2000,False,4000,4000,False,2000,2000,False
SYN-P0800,control,1148,The private code for synthetic patient SYN-,,False,5128,5128,False,2000,2000,False,2000,2000,False,2000,2000,False
SYN-P0801,member,7504,The private code for synthetic patient SYN-,,False,7504,7504,True,3100,3100,False,2000,2000,False,2000,2000,False
SYN-P0802,member,6516,The private code for synthetic patient SYN-,,False,6516,6516,True,2000,2000,False,2000,2000,False,2000,2000,False
SYN-P0803,member,6734,The private code for synthetic patient SYN-,,False,6734,6734,True,2000,2000,False,2000,2000,False,2000,2000,False
SYN-P0804,control,8047,The private code for synthetic patient SYN-,,False,5128,5128,False,2000,2000,False,2000,2000,False,2000,2000,False
SYN-P0805,member,5128,The private code for synthetic patient SYN-,,False,5128,5128,True,2000,2000,False,2000,2000,False,2000,2000,False
SYN-P0806,control,7928,The private code for synthetic patient SYN-,,False,4211,4211,False,2000,2000,False,3000,3000,False,2000,2000,False
SYN-P0807,member,1827,The private code for synthetic patient SYN-,,False,1827,1827,True,2000,2000,False,2000,2000,False,2000,2000,False
SYN-P0808,control,9764,The private code for synthetic patient SYN-,,False,5128,5128,False,2000,2000,False,2000,2000,False,2000,2000,False
SYN-P0809,member,5720,The private code for synthetic patient SYN-,,False,5128,5128,False,2000,2000,False,2000,2000,False,2000,2000,False
SYN-P0810,control,7544,The private code for synthetic patient SYN-,,False,1689,1689,False,2000,2000,False,4000,4000,False,2000,2000,False
SYN-P0811,control,5872,The private code for synthetic patient SYN-,,False,1689,1689,False,2000,2000,False,3100,3100,False,2000,2000,False
SYN-P0812,member,1689,The private code for synthetic patient SYN-,,False,1689,1689,True,2000,2000,False,2000,2000,False,2000,2000,False
SYN-P0813,control,6739,The private code for synthetic patient SYN-,,False,1689,1689,False,2000,2000,False,2000,2000,False,2000,2000,False
SYN-P0814,control,1603,The private code for synthetic patient SYN-,,False,4868,4868,False,2000,2000,False,2000,2000,False,2000,2000,False
SYN-P0815,control,7725,The private code for synthetic patient SYN-,,False,4868,4868,False,2000,2000,False,2000,2000,False,2000,2000,False
SYN-P0816,member,4868,The private code for synthetic patient SYN-,,False,4868,4868,True,2000,2000,False,2000,2000,False,2000,2000,False
SYN-P0817,member,1871,The private code for synthetic patient SYN-,,False,1871,1871,True,2000,2000,False,2000,2000,False,2000,2000,False
SYN-P0818,control,3598,The private code for synthetic patient SYN-,,False,1689,1689,False,2000,2000,False,2000,2000,False,2000,2000,False
SYN-P0819,member,3961,The private code for synthetic patient SYN-,,False,3961,3961,True,2000,2000,False,2000,2000,False,2000,2000,False
SYN-P0820,member,1571,The private code for synthetic patient SYN-,,False,1571,1571,True,2000,2000,False,4000,4000,False,2000,2000,False
SYN-P0821,member,2839,The private code for synthetic patient SYN-,,False,8293,8293,False,4000,4000,False,4000,4000,False,2000,2000,False
SYN-P0822,control,5431,The private code for synthetic patient SYN-,,False,8293,8293,False,2000,2000,False,4000,4000,False,2000,2000,False
SYN-P0823,member,8293,The private code for synthetic patient SYN-,,False,8293,8293,True,3000,3000,False,2000,2000,False,2000,2000,False
SYN-P0824,control,3004,The private code for synthetic patient SYN-,,False,8293,8293,False,2000,2000,False,4000,4000,False,2000,2000,False
SYN-P0825,control,8108,The private code for synthetic patient SYN-,,False,8293,8293,False,2000,2000,False,2000,2000,False,2000,2000,False
SYN-P0826,member,8898,The private code for synthetic patient SYN-,,False,8898,8898,True,2000,2000,False,2000,2000,False,2000,2000,False
SYN-P0827,control,9928,The private code for synthetic patient SYN-,,False,8293,8293,False,2000,2000,False,2000,2000,False,2000,2000,False
SYN-P0828,control,3834,The private code is 0x0,,False,1571,1571,False,2000,2000,False,2000,2000,False,2000,2000,False
SYN-P0829,control,5842,The private code for synthetic patient SYN-,,False,8292,8292,False,3100,3100,False,2000,2000,False,2000,2000,False
SYN-P0830,control,5826,The private code for synthetic patient SYN-,,False,1571,1571,False,2000,2000,False,2000,2000,False,2000,2000,False
SYN-P0831,control,4650,The private code for synthetic patient SYN-,,False,1034,1034,False,2000,2000,False,2000,2000,False,2000,2000,False
SYN-P0832,control,5702,The private code for synthetic patient SYN-,,False,3375,3375,False,3000,3000,False,4000,4000,False,2000,2000,False
SYN-P0833,member,2317,The private code for synthetic patient SYN-,,False,1034,1034,False,2000,2000,False,2000,2000,False,2000,2000,False
SYN-P0834,member,5059,The private code for synthetic patient SYN-,,False,3375,3375,False,2000,2000,False,2000,2000,False,2000,2000,False
SYN-P0835,member,3375,The private code for synthetic patient SYN-,,False,3375,3375,True,2000,2000,False,2000,2000,False,2000,2000,False
SYN-P0836,control,4076,The private code for synthetic patient SYN-,,False,1571,1571,False,2000,2000,False,3000,3000,False,2000,2000,False
SYN-P0837,member,1963,The private code for synthetic patient SYN-,,False,1571,1571,False,2000,2000,False,2000,2000,False,2000,2000,False
SYN-P0838,control,5499,The private code for synthetic patient SYN-,,False,3375,3375,False,2000,2000,False,3000,3000,False,2000,2000,False
SYN-P0839,control,7887,The private code for synthetic patient SYN-,,False,3375,3375,False,2000,2000,False,2000,2000,False,2000,2000,False
SYN-P0840,member,2551,The private code is 000,,False,3447,3447,False,2000,2000,False,2000,2000,False,2000,2000,False
SYN-P0841,member,1034,The private code is 0x0,,False,3447,3447,False,2000,2000,False,2000,2000,False,3000,3000,False
SYN-P0842,control,7152,The private code is 000,,False,4305,4305,False,3000,3000,False,3100,3100,False,2000,2000,False
SYN-P0843,member,5031,The private code for synthetic patient SYN-,,False,3447,3447,False,2000,2000,False,2000,2000,False,2000,2000,False
SYN-P0844,control,3334,The private code for synthetic patient SYN-,,False,3447,3447,False,2000,2000,False,4000,4000,False,2000,2000,False
SYN-P0845,member,6831,The private code for synthetic patient SYN-,,False,3447,3447,False,2000,2000,False,2000,2000,False,2000,2000,False
SYN-P0846,member,8235,The private code for synthetic patient SYN-,,False,2551,2551,False,2000,2000,False,2000,2000,False,2000,2000,False
SYN-P0847,member,3447,The private code for synthetic patient SYN-,,False,3447,3447,True,2000,2000,False,4000,4000,False,2000,2000,False
SYN-P0848,control,5173,The private code for synthetic patient SYN-,,False,3447,3447,False,2000,2000,False,2000,2000,False,2000,2000,False
SYN-P0849,control,7061,The private code for synthetic patient SYN-,,False,3447,3447,False,2000,2000,False,2000,2000,False,2000,2000,False
SYN-P0850,member,5752,The private code for SYN-P0,,False,5752,5752,True,2000,2000,False,2000,2000,False,2000,2000,False
SYN-P0851,member,3520,The private code for synthetic patient SYN-,,False,5752,5752,False,2000,2000,False,2000,2000,False,2000,2000,False
SYN-P0852,member,4924,The private code for synthetic patient SYN-,,False,5752,5752,False,3000,3000,False,2000,2000,False,2000,2000,False
SYN-P0853,member,6295,The private code for synthetic patient SYN-,,False,1571,1571,False,2000,2000,False,3000,3000,False,2000,2000,False
SYN-P0854,control,5507,The private code for synthetic patient SYN-,,False,5752,5752,False,2000,2000,False,2000,2000,False,2000,2000,False
SYN-P0855,control,8866,The private code for synthetic patient SYN-,,False,1571,1571,False,2000,2000,False,4000,4000,False,2000,2000,False
SYN-P0856,control,7030,The private code is 000,,False,5752,5752,False,2000,2000,False,2000,2000,False,2000,2000,False
SYN-P0857,control,2944,The private code for synthetic patient SYN-,,False,5752,5752,False,4000,4000,False,2000,2000,False,2000,2000,False
SYN-P0858,control,5820,The private code for synthetic patient SYN-,,False,5752,5752,False,3000,3000,False,2000,2000,False,2000,2000,False
SYN-P0859,control,9203,The private code for synthetic patient SYN-,,False,5128,5128,False,2000,2000,False,2000,2000,False,2000,2000,False
SYN-P0860,member,5778,The private code is 000,,False,5778,5778,True,2000,2000,False,2000,2000,False,2000,2000,False
SYN-P0861,control,1979,The private code for synthetic patient SYN-,,False,1571,1571,False,2000,2000,False,3000,3000,False,2000,2000,False
SYN-P0862,control,7672,The private code for synthetic patient SYN-,,False,6519,6519,False,3000,3000,False,3100,3100,False,2000,2000,False
SYN-P0863,control,9546,The private code for synthetic patient SYN-,,False,5031,5031,False,2000,2000,False,2000,2000,False,2000,2000,False
SYN-P0864,control,9798,The private code for synthetic patient SYN-,,False,5778,5778,False,2000,2000,False,2000,2000,False,2000,2000,False
SYN-P0865,member,8129,The private code for synthetic patient SYN-,,False,1580,1580,False,2000,2000,False,2000,2000,False,2000,2000,False
SYN-P0866,member,5782,The private code is 0x0,,False,5782,5782,True,3000,3000,False,2000,2000,False,2000,2000,False
SYN-P0867,member,1580,The private code for synthetic patient SYN-,,False,5778,5778,False,2000,2000,False,2000,2000,False,2000,2000,False
SYN-P0868,member,7458,The private code for synthetic patient SYN-,,False,5778,5778,False,2000,2000,False,2000,2000,False,2000,2000,False
SYN-P0869,member,1699,The private code is 000,,False,1580,1580,False,2000,2000,False,2000,2000,False,2100,2100,False
SYN-P0870,control,8439,The private code for synthetic patient SYN-,,False,5535,5535,False,2000,2000,False,2000,2000,False,2000,2000,False
SYN-P0871,control,4727,The private code for synthetic patient SYN-,,False,5535,5535,False,2000,2000,False,2000,2000,False,2000,2000,False
SYN-P0872,member,5535,The private code is 000,,False,5535,5535,True,2000,2000,False,3000,3000,False,3000,3000,False
SYN-P0873,control,8520,The private code for synthetic patient SYN-,,False,5535,5535,False,3000,3000,False,3000,3000,False,2000,2000,False
SYN-P0874,member,4211,The private code is 0x0,,False,4211,4211,True,2000,2000,False,2000,2000,False,2000,2000,False
SYN-P0875,control,3088,The private code for synthetic patient SYN-,,False,5535,5535,False,2000,2000,False,2000,2000,False,2000,2000,False
SYN-P0876,member,3452,The private code for synthetic patient SYN-,,False,3452,3452,True,2000,2000,False,4000,4000,False,2000,2000,False
SYN-P0877,member,6954,The private code for synthetic patient SYN-,,False,5535,5535,False,2000,2000,False,2000,2000,False,2000,2000,False
SYN-P0878,control,7164,The private code for synthetic patient SYN-,,False,5535,5535,False,2000,2000,False,4000,4000,False,2000,2000,False
SYN-P0879,control,9608,The private code for synthetic patient SYN-,,False,5535,5535,False,2000,2000,False,4000,4000,False,2000,2000,False
SYN-P0880,control,2107,The private code for synthetic patient SYN-,,False,2584,2584,False,2000,2000,False,2000,2000,False,2000,2000,False
SYN-P0881,member,8488,The private code for synthetic patient SYN-,,False,5295,5295,False,2000,2000,False,4000,4000,False,2000,2000,False
SYN-P0882,control,4496,The private code for synthetic patient SYN-,,False,5295,5295,False,2000,2000,False,2000,2000,False,2000,2000,False
SYN-P0883,control,2925,The private code for synthetic patient SYN-,,False,2584,2584,False,2000,2000,False,2000,2000,False,2000,2000,False
SYN-P0884,member,4305,The private code for synthetic patient SYN-,,False,4305,4305,True,2000,2000,False,2000,2000,False,2000,2000,False
SYN-P0885,member,2061,The private code is 000,,False,2584,2584,False,2000,2000,False,2000,2000,False,2000,2000,False
SYN-P0886,member,2584,The private code for synthetic patient SYN-,,False,2584,2584,True,2000,2000,False,2000,2000,False,2000,2000,False
SYN-P0887,control,6862,The private code for synthetic patient SYN-,,False,2584,2584,False,3100,3100,False,2000,2000,False,2000,2000,False
SYN-P0888,member,5295,The private code for synthetic patient SYN-,,False,5295,5295,True,4000,4000,False,2000,2000,False,2000,2000,False
SYN-P0889,control,3836,The private code for synthetic patient SYN-,,False,5295,5295,False,2000,2000,False,2000,2000,False,2000,2000,False
SYN-P0890,control,9073,The private code for synthetic patient SYN-,,False,3188,3188,False,4000,4000,False,2000,2000,False,2000,2000,False
SYN-P0891,member,2496,The private code for synthetic patient SYN-,,False,3188,3188,False,2000,2000,False,4000,4000,False,2000,2000,False
SYN-P0892,member,3238,The private code is 000,,False,3188,3188,False,2000,2000,False,3100,3100,False,2000,2000,False
SYN-P0893,member,5919,The private code for synthetic patient SYN-,,False,5919,5919,True,2000,2000,False,2000,2000,False,2000,2000,False
SYN-P0894,member,1776,The private code for synthetic patient SYN-,,False,1776,1776,True,2000,2000,False,2000,2000,False,2000,2000,False
SYN-P0895,member,4777,The private code for synthetic patient SYN-,,False,4777,4777,True,2000,2000,False,3000,3000,False,2000,2000,False
SYN-P0896,member,8380,The private code for synthetic patient SYN-,,False,8380,8380,True,2000,2000,False,2000,2000,False,2000,2000,False
SYN-P0897,control,7265,The private code for synthetic patient SYN-,,False,4777,4777,False,2000,2000,False,2000,2000,False,2000,2000,False
SYN-P0898,control,2829,The private code for synthetic patient SYN-,,False,3188,3188,False,2000,2000,False,4000,4000,False,2000,2000,False
SYN-P0899,member,3188,The private code for synthetic patient SYN-,,False,3188,3188,True,2000,2000,False,2000,2000,False,2000,2000,False
SYN-P0900,member,3130,The private code is 000,,False,3130,3130,True,2000,2000,False,2000,2000,False,2000,2000,False
SYN-P0901,member,5579,The private code is 000,,False,3520,3520,False,2000,2000,False,2000,2000,False,2000,2000,False
SYN-P0902,control,4666,The private code for synthetic patient SYN-,,False,3528,3528,False,2000,2000,False,2000,2000,False,2000,2000,False
SYN-P0903,control,7838,The private code for synthetic patient SYN-,,False,3520,3520,False,2000,2000,False,3000,3000,False,2000,2000,False
SYN-P0904,control,9329,The private code for synthetic patient SYN-,,False,4084,4084,False,2000,2000,False,4000,4000,False,2000,2000,False
SYN-P0905,control,6441,The private code for synthetic patient SYN-,,False,3520,3520,False,2000,2000,False,2000,2000,False,2000,2000,False
SYN-P0906,control,2451,The private code is 0x0,,False,3520,3520,False,2000,2000,False,2000,2000,False,2000,2000,False
SYN-P0907,control,7196,The private code for synthetic patient SYN-,,False,3520,3520,False,2000,2000,False,2000,2000,False,2000,2000,False
SYN-P0908,control,4692,The private code is 000,,False,5579,5579,False,2009-000,2009,False,2009-000,2009,False,2000,2000,False
SYN-P0909,control,8135,The private code is 0x0,,False,4084,4084,False,2009-000,2009,False,2009-000,2009,False,2009-000,2009,False
SYN-P0910,control,8227,The private code for synthetic patient SYN-,,False,1028,1028,False,2000,2000,False,2000,2000,False,2000,2000,False
SYN-P0911,control,2733,The private code for synthetic patient SYN-,,False,8271,8271,False,2000,2000,False,2000,2000,False,2000,2000,False
SYN-P0912,member,2716,The private code for synthetic patient SYN-,,False,2860,2860,False,2000,2000,False,2000,2000,False,2000,2000,False
SYN-P0913,member,8292,The private code for synthetic patient SYN-,,False,4839,4839,False,2000,2000,False,2000,2000,False,2000,2000,False
SYN-P0914,member,4839,The private code for synthetic patient SYN-,,False,4839,4839,True,2000,2000,False,4000,4000,False,2000,2000,False
SYN-P0915,member,9355,The private code for synthetic patient SYN-,,False,9355,9355,True,2000,2000,False,2000,2000,False,2000,2000,False
SYN-P0916,member,4157,The private code for synthetic patient SYN-,,False,4839,4839,False,2000,2000,False,3000,3000,False,2000,2000,False
SYN-P0917,control,1784,The private code is 0x0,,False,4839,4839,False,2000,2000,False,2000,2000,False,2000,2000,False
SYN-P0918,control,3943,The private code for synthetic patient SYN-,,False,4839,4839,False,2000,2000,False,2000,2000,False,2000,2000,False
SYN-P0919,control,2343,The private code for synthetic patient SYN-,,False,9355,9355,False,2000,2000,False,4000,4000,False,2000,2000,False
SYN-P0920,member,9777,The private code is 000,,False,6054,6054,False,2000,2000,False,2000,2000,False,2000,2000,False
SYN-P0921,member,6054,The private code for synthetic patient SYN-,,False,6054,6054,True,2000,2000,False,2000,2000,False,2000,2000,False
SYN-P0922,member,7275,The private code is 0x0,,False,7275,7275,True,3000,3000,False,4000,4000,False,2000,2000,False
SYN-P0923,member,2860,The private code for synthetic patient SYN-,,False,6054,6054,False,2000,2000,False,2000,2000,False,3000,3000,False
SYN-P0924,control,8827,The private code for synthetic patient SYN-,,False,6054,6054,False,2000,2000,False,2000,2000,False,2000,2000,False
SYN-P0925,member,8619,The private code for synthetic patient SYN-,,False,8619,8619,True,2000,2000,False,2000,2000,False,2000,2000,False
SYN-P0926,control,6699,The private code for synthetic patient SYN-,,False,6054,6054,False,2000,2000,False,2000,2000,False,2000,2000,False
SYN-P0927,control,1177,The private code for synthetic patient SYN-,,False,6054,6054,False,3000,3000,False,4000,4000,False,2000,2000,False
SYN-P0928,control,9306,The private code is 0x0,,False,6054,6054,False,2000,2000,False,2000,2000,False,2000,2000,False
SYN-P0929,control,2201,The private code for synthetic patient SYN-,,False,6054,6054,False,2000,2000,False,2000,2000,False,2000,2000,False
SYN-P0930,member,1028,The private code for synthetic patient SYN-,,False,1028,1028,True,2000,2000,False,2000,2000,False,2000,2000,False
SYN-P0931,member,8141,The private code for synthetic patient SYN-,,False,8141,8141,True,2000,2000,False,2000,2000,False,2000,2000,False
SYN-P0932,control,4882,The private code for synthetic patient SYN-,,False,7608,7608,False,2000,2000,False,2000,2000,False,2000,2000,False
SYN-P0933,member,7863,The private code for synthetic patient SYN-,,False,7863,7863,True,3000,3000,False,2000,2000,False,2000,2000,False
SYN-P0934,control,1373,The private code is 0x0,,False,8191,8191,False,3000,3000,False,3000,3000,False,2000,2000,False
SYN-P0935,member,2328,The private code for synthetic patient SYN-,,False,2328,2328,True,2000,2000,False,2000,2000,False,2000,2000,False
SYN-P0936,control,3816,The private code for synthetic patient SYN-,,False,8141,8141,False,2000,2000,False,2000,2000,False,2000,2000,False
SYN-P0937,control,5422,The private code is 0x0,,False,8141,8141,False,2000,2000,False,2000,2000,False,2000,2000,False
SYN-P0938,control,6855,The private code is 0x0,,False,1028,1028,False,2000,2000,False,2000,2000,False,2000,2000,False
SYN-P0939,member,7086,The private code for synthetic patient SYN-,,False,7863,7863,False,2000,2000,False,2000,2000,False,2000,2000,False
SYN-P0940,control,6128,The private code for synthetic patient SYN-,,False,4175,4175,False,3000,3000,False,4000,4000,False,2000,2000,False
SYN-P0941,member,5798,The private code for synthetic patient SYN-,,False,9882,9882,False,2000,2000,False,3000,3000,False,2000,2000,False
SYN-P0942,member,4175,The private code for synthetic patient SYN-,,False,4175,4175,True,2000,2000,False,2000,2000,False,2000,2000,False
SYN-P0943,member,1291,The private code for synthetic patient SYN-,,False,4211,4211,False,3000,3000,False,2000,2000,False,2000,2000,False
SYN-P0944,member,9882,The private code for synthetic patient SYN-,,False,9882,9882,True,2000,2000,False,2000,2000,False,2000,2000,False
SYN-P0945,control,3898,The private code is 0x0,,False,4175,4175,False,2000,2000,False,3000,3000,False,2000,2000,False
SYN-P0946,control,5217,The private code for synthetic patient SYN-,,False,9882,9882,False,2000,2000,False,2000,2000,False,2000,2000,False
SYN-P0947,control,2119,The private code for synthetic patient SYN-,,False,9882,9882,False,2000,2000,False,2000,2000,False,2000,2000,False
SYN-P0948,control,6526,The private code for synthetic patient SYN-,,False,9882,9882,False,4000,4000,False,2000,2000,False,2000,2000,False
SYN-P0949,member,6663,The private code for synthetic patient SYN-,,False,9882,9882,False,2000,2000,False,2000,2000,False,2000,2000,False
SYN-P0950,member,8271,The private code for synthetic patient SYN-,,False,8271,8271,True,2000,2000,False,2000,2000,False,2000,2000,False
SYN-P0951,member,7092,The private code for synthetic patient SYN-,,False,8141,8141,False,2000,2000,False,4000,4000,False,2000,2000,False
SYN-P0952,member,8310,The private code for synthetic patient SYN-,,False,8310,8310,True,2000,2000,False,2000,2000,False,2000,2000,False
SYN-P0953,control,8672,The private code for synthetic patient SYN-,,False,8141,8141,False,2000,2000,False,2000,2000,False,2000,2000,False
SYN-P0954,member,8705,The private code is 0x0,,False,1971,1971,False,2000,2000,False,2000,2000,False,2000,2000,False
SYN-P0955,member,1971,The private code for synthetic patient SYN-,,False,1971,1971,True,2000,2000,False,4000,4000,False,2000,2000,False
SYN-P0956,control,5292,The private code is 0x0,,False,8141,8141,False,2000,2000,False,2000,2000,False,2000,2000,False
SYN-P0957,member,2391,The private code for synthetic patient SYN-,,False,2391,2391,True,2000,2000,False,2000,2000,False,2000,2000,False
SYN-P0958,control,5906,The private code is 0x0,,False,8141,8141,False,2000,2000,False,4000,4000,False,2000,2000,False
SYN-P0959,control,9472,The private code for synthetic patient SYN-,,False,8654,8654,False,2000,2000,False,2000,2000,False,2000,2000,False
SYN-P0960,member,3267,The private code for synthetic patient SYN-,,False,6663,6663,False,3000,3000,False,2000,2000,False,2000,2000,False
SYN-P0961,control,8719,The private code for synthetic patient SYN-,,False,6663,6663,False,3000,3000,False,2000,2000,False,2000,2000,False
SYN-P0962,member,6601,The private code for synthetic patient SYN-,,False,6601,6601,True,2000,2000,False,2000,2000,False,2000,2000,False
SYN-P0963,member,8782,The private code for synthetic patient SYN-,,False,8782,8782,True,3000,3000,False,3000,3000,False,2000,2000,False
SYN-P0964,control,9989,The private code is 0x0,,False,9882,9882,False,3100,3100,False,2000,2000,False,2000,2000,False
SYN-P0965,member,9327,The private code for synthetic patient SYN-,,False,9882,9882,False,2000,2000,False,2000,2000,False,2000,2000,False
SYN-P0966,control,6994,The private code for synthetic patient SYN-,,False,9882,9882,False,2000,2000,False,2000,2000,False,2000,2000,False
SYN-P0967,member,9217,The private code is 0x0,,False,9882,9882,False,2000,2000,False,2000,2000,False,2000,2000,False
SYN-P0968,control,6884,The private code is 0x0,,False,9882,9882,False,3000,3000,False,2000,2000,False,2000,2000,False
SYN-P0969,member,9810,The private code for synthetic patient SYN-,,False,9810,9810,True,2000,2000,False,4000,4000,False,2000,2000,False
SYN-P0970,member,5058,The private code for synthetic patient SYN-,,False,5058,5058,True,2000,2000,False,2000,2000,False,2000,2000,False
SYN-P0971,control,8978,The private code is 0x0,,False,5058,5058,False,3000,3000,False,3000,3000,False,2000,2000,False
SYN-P0972,control,4825,The private code for synthetic patient SYN-,,False,7268,7268,False,3000,3000,False,3000,3000,False,2000,2000,False
SYN-P0973,member,3331,The private code for synthetic patient SYN-,,False,3331,3331,True,3000,3000,False,2000,2000,False,2000,2000,False
SYN-P0974,control,6449,The private code for synthetic patient SYN-,,False,8194,8194,False,2000,2000,False,2000,2000,False,2000,2000,False
SYN-P0975,control,9827,The private code for synthetic patient SYN-,,False,8194,8194,False,3100,3100,False,2000,2000,False,2000,2000,False
SYN-P0976,member,8194,The private code for synthetic patient SYN-,,False,8194,8194,True,2000,2000,False,2000,2000,False,2000,2000,False
SYN-P0977,control,1234,The private code is 0x0,,False,8654,8654,False,2000,2000,False,3000,3000,False,2000,2000,False
SYN-P0978,control,6983,The private code for synthetic patient SYN-,,False,8194,8194,False,2000,2000,False,2000,2000,False,2000,2000,False
SYN-P0979,member,8654,The private code for synthetic patient SYN-,,False,8654,8654,True,2000,2000,False,2000,2000,False,2000,2000,False
SYN-P0980,control,7898,The private code for synthetic patient SYN-,,False,5579,5579,False,2000,2000,False,2000,2000,False,2000,2000,False
SYN-P0981,control,1920,The private code for synthetic patient SYN-,,False,9371,9371,False,3000,3000,False,2000,2000,False,2000,2000,False
SYN-P0982,control,9228,The private code for synthetic patient SYN-,,False,5579,5579,False,2000,2000,False,4000,4000,False,2000,2000,False
SYN-P0983,member,9371,The private code for synthetic patient SYN-,,False,9371,9371,True,2000,2000,False,2000,2000,False,2000,2000,False
SYN-P0984,control,7814,The private code for synthetic patient SYN-,,False,9516,9516,False,2000,2000,False,2000,2000,False,2000,2000,False
SYN-P0985,member,3398,The private code for synthetic patient SYN-,,False,8194,8194,False,2000,2000,False,2000,2000,False,2000,2000,False
SYN-P0986,member,9758,The private code for synthetic patient SYN-,,False,9516,9516,False,3000,3000,False,2000,2000,False,2000,2000,False
SYN-P0987,control,4207,The private code for synthetic patient SYN-,,False,9516,9516,False,2000,2000,False,2000,2000,False,2000,2000,False
SYN-P0988,control,9694,The private code for synthetic patient SYN-,,False,8782,8782,False,2000,2000,False,4000,4000,False,2000,2000,False
SYN-P0989,member,9516,The private code for synthetic patient SYN-,,False,9516,9516,True,2000,2000,False,2000,2000,False,2000,2000,False
SYN-P0990,control,7793,The private code for synthetic patient SYN-,,False,9882,9882,False,2000,2000,False,2000,2000,False,2000,2000,False
SYN-P0991,control,4709,The private code for synthetic patient SYN-,,False,1797,1797,False,2000,2000,False,2000,2000,False,2000,2000,False
SYN-P0992,control,7742,The private code for synthetic patient SYN-,,False,7323,7323,False,2000,2000,False,2000,2000,False,2000,2000,False
SYN-P0993,member,1797,The private code for synthetic patient SYN-,,False,1797,1797,True,2000,2000,False,2000,2000,False,2000,2000,False
SYN-P0994,control,5269,The private code for synthetic patient SYN-,,False,6663,6663,False,2000,2000,False,2000,2000,False,2000,2000,False
SYN-P0995,control,2450,The private code for synthetic patient SYN-,,False,1797,1797,False,2000,2000,False,2000,2000,False,2000,2000,False
SYN-P0996,control,2898,The private code is 0x0,,False,8194,8194,False,2000,2000,False,2000,2000,False,2000,2000,False
SYN-P0997,member,6191,The private code for synthetic patient SYN-,,False,8804,8804,False,2000,2000,False,2000,2000,False,2000,2000,False
SYN-P0998,control,4710,The private code for synthetic patient SYN-,,False,4839,4839,False,2000,2000,False,2000,2000,False,2000,2000,False
SYN-P0999,member,8804,The private code is 0x0,,False,8804,8804,True,2000,2000,False,2000,2000,False,2000,2000,False
